symbol,status,best_model,horizon,accuracy,precision,recall,f1,train_rows,test_rows,elapsed_s,error
HDFCBANK.NS,ok,LGB_HiReg,6 Months,0.8262,0.8182,0.0833,0.1513,0,0,95.3,
AADHARHFC.NS,ok,Ensemble,2 Weeks,0.8249,0.6875,0.0866,0.1538,0,0,53.2,
AAVAS.NS,error,,,0.0,0.0,0.0,0.0,0,0,146.1,'fwd'
AAVAS.NS,ok,StackEnsemble,2 Weeks,0.7832,1.0,0.0506,0.0964,0,0,172.5,
360ONE.NS,ok,StackEnsemble,1 Month,0.7857,0.7778,0.0787,0.1429,0,0,281.2,
3MINDIA.NS,below_threshold,RandForest,2 Months,0.8383,0.4848,0.0,0.0,0,0,260.0,
AARTIIND.NS,ok,XGBoost,1 Week,0.7009,0.8519,0.1503,0.2556,0,0,149.5,
360ONE.NS,ok,RandForest,6 Months,0.8003,0.6226,0.22,0.3251,0,0,291.1,
3MINDIA.NS,below_threshold,RandForest,2 Months,0.8388,0.4848,0.0,0.0,0,0,255.0,
AADHARHFC.NS,ok,Ensemble,2 Weeks,0.8228,0.7,0.0551,0.1022,0,0,26.4,
AARTIIND.NS,ok,XGBoost,1 Week,0.7029,0.8519,0.1503,0.2556,0,0,142.6,
AAVAS.NS,ok,StackEnsemble,2 Months,0.8494,0.8333,0.2419,0.375,0,0,118.8,
ABB.NS,ok,RandForest,2 Months,0.7575,0.7692,0.1648,0.2715,0,0,275.1,
ABBOTINDIA.NS,below_threshold,XGBoost,2 Months,0.8268,0.5,0.0,0.0,0,0,150.6,
ABCAPITAL.NS,ok,StackEnsemble,1 Week,0.7057,0.75,0.0561,0.1043,0,0,161.0,
ABFRL.NS,below_threshold,TabNet,1 Month,0.7602,0.5319,0.0,0.0,0,0,139.9,
ABLBL.NS,no_data,,,0.0,0.0,0.0,0.0,0,0,0.2,
ABREL.NS,ok,Ensemble,1 Month,0.7281,0.6875,0.0573,0.1058,0,0,146.0,
ABSLAMC.NS,ok,StackEnsemble,1 Month,0.6287,0.7778,0.053,0.0993,0,0,170.9,
ACC.NS,ok,XGBoost,2 Months,0.9013,0.8571,0.0632,0.1176,0,0,154.2,
ACE.NS,ok,Ensemble,1 Week,0.7339,0.6111,0.0579,0.1058,0,0,150.5,
ACMESOLAR.NS,no_data,,,0.0,0.0,0.0,0.0,0,0,0.2,
ADANIENSOL.NS,ok,RandForest,6 Months,0.8065,0.8856,0.6642,0.7591,0,0,166.5,
ADANIENT.NS,ok,StackEnsemble,2 Months,0.6777,1.0,0.0855,0.1575,0,0,163.1,
ADANIGREEN.NS,ok,XGBoost,1 Month,0.7003,1.0,0.0929,0.17,0,0,161.3,
ADANIPORTS.NS,ok,RandForest,3 Months,0.7376,0.7632,0.1534,0.2555,0,0,166.0,
ADANIPOWER.NS,ok,StackEnsemble,6 Months,0.7671,0.7184,0.8681,0.7862,0,0,172.0,
AEGISLOG.NS,ok,RandForest,2 Months,0.8,0.7097,0.1507,0.2486,0,0,154.8,
AEGISVOPAK.NS,no_data,,,0.0,0.0,0.0,0.0,0,0,0.2,
AFCONS.NS,no_data,,,0.0,0.0,0.0,0.0,0,0,0.2,
AFFLE.NS,ok,XGB_HiReg,6 Months,0.8955,0.7389,0.9048,0.8135,0,0,164.3,
AGARWALEYE.NS,no_data,,,0.0,0.0,0.0,0.0,0,0,0.2,
AIAENG.NS,ok,CatBoost,3 Months,0.8061,0.7121,0.2338,0.3521,0,0,249.1,
AIIL.NS,ok,StackEnsemble,1 Month,0.7047,0.8571,0.0566,0.1062,0,0,25.2,
AJANTPHARM.NS,below_threshold,Ensemble,3 Months,0.8028,0.5238,0.0,0.0,0,0,158.0,
AKUMS.NS,ok,XGBoost,2 Weeks,0.7767,0.9231,0.0723,0.1341,0,0,15.2,
AKZOINDIA.NS,below_threshold,TabNet,2 Months,0.7937,0.44,0.0,0.0,0,0,172.1,
ALKEM.NS,ok,Ensemble,6 Months,0.851,0.8421,0.16,0.2689,0,0,163.6,
ALKYLAMINE.NS,below_threshold,StackEnsemble,3 Months,0.8199,0.5714,0.0,0.0,0,0,161.9,
ALOKINDS.NS,ok,StackEnsemble,2 Weeks,0.8703,1.0,0.0625,0.1176,0,0,154.8,
AMBER.NS,ok,RandForest,3 Months,0.677,0.7778,0.1765,0.2877,0,0,172.1,
AMBUJACEM.NS,ok,StackEnsemble,3 Months,0.9845,0.8,0.5,0.6154,0,0,151.9,
ANANDRATHI.NS,ok,RandForest,3 Months,0.9239,1.0,0.0577,0.1091,0,0,156.8,
ANANTRAJ.NS,below_threshold,Ensemble,1 Month,0.7018,0.5714,0.0,0.0,0,0,147.9,
ANGELONE.NS,ok,XGBoost,3 Months,0.7904,0.7094,0.7642,0.7358,0,0,167.1,
APARINDS.NS,ok,StackEnsemble,6 Months,0.7055,0.7219,0.7578,0.7394,0,0,170.6,
APLAPOLLO.NS,ok,RandForest,1 Week,0.7827,0.8095,0.0705,0.1298,0,0,356.8,
APLLTD.NS,below_threshold,LGB_HiReg,6 Months,0.8716,0.5669,0.0,0.0,0,0,116.9,
APOLLOHOSP.NS,below_threshold,Ensemble,6 Months,0.7568,0.5652,0.0,0.0,0,0,172.6,
APOLLOTYRE.NS,ok,StackEnsemble,6 Months,0.8596,1.0,0.0682,0.1277,0,0,164.8,
APTUS.NS,below_threshold,TabNet,2 Weeks,0.7464,0.52,0.0,0.0,0,0,162.1,
ARE&M.NS,below_threshold,CatBoost,2 Weeks,0.7871,0.4286,0.0,0.0,0,0,145.6,
ASAHIINDIA.NS,ok,RandForest,3 Months,0.7003,0.8,0.0594,0.1106,0,0,169.4,
ASHOKLEY.NS,ok,StackEnsemble,3 Months,0.618,0.8333,0.1439,0.2454,0,0,161.4,
ASIANPAINT.NS,ok,XGBoost,2 Months,0.7003,0.7222,0.0628,0.1156,0,0,177.3,
ASTERDM.NS,ok,LightGBM,6 Months,0.7072,0.8107,0.5585,0.6614,0,0,180.0,
ASTRAL.NS,ok,Ensemble,3 Months,0.8075,0.7407,0.146,0.2439,0,0,161.3,
ASTRAZEN.NS,ok,StackEnsemble,2 Weeks,0.8415,0.8,0.069,0.127,0,0,162.6,
ATGL.NS,ok,GradBoost,2 Months,0.7575,1.0,0.0242,0.0473,0,0,152.2,
ATHERENERG.NS,no_data,,,0.0,0.0,0.0,0.0,0,0,0.2,
ATUL.NS,ok,XGB_HiReg,6 Months,0.8664,0.8082,0.7024,0.7516,0,0,120.1,
AUBANK.NS,ok,LightGBM,2 Weeks,0.6916,1.0,0.0228,0.0446,0,0,382.0,
AUROPHARMA.NS,ok,RandForest,3 Months,0.7827,0.7083,0.1328,0.2237,0,0,152.3,
AWL.NS,ok,Ensemble,6 Months,0.9743,0.8,0.2222,0.3478,0,0,149.8,
AXISBANK.NS,ok,XGB_HiReg,6 Months,0.8202,0.7014,0.799,0.747,0,0,174.8,
BAJAJ-AUTO.NS,below_threshold,XGBoost,1 Month,0.7485,0.5472,0.0,0.0,0,0,142.6,
BAJAJFINSV.NS,ok,RandForest,6 Months,0.887,0.8,0.1111,0.1951,0,0,169.5,
BAJAJHFL.NS,no_data,,,0.0,0.0,0.0,0.0,0,0,0.3,
BAJAJHLDNG.NS,below_threshold,TabNet,1 Month,0.7164,0.3563,0.0,0.0,0,0,166.6,
BAJFINANCE.NS,ok,StackEnsemble,1 Month,0.807,0.9091,0.2381,0.3774,0,0,174.7,
BALKRISIND.NS,below_threshold,Ensemble,3 Months,0.8944,0.5833,0.0,0.0,0,0,165.5,
BALRAMCHIN.NS,ok,StackEnsemble,6 Months,0.8151,0.8125,0.625,0.7065,0,0,121.2,
BANDHANBNK.NS,ok,LightGBM,2 Months,0.6807,1.0,0.1347,0.2374,0,0,160.1,
BANKBARODA.NS,ok,RandForest,3 Months,0.7981,0.7083,0.1214,0.2073,0,0,162.1,
BANKINDIA.NS,ok,CatBoost,1 Week,0.7053,0.7222,0.1696,0.2746,0,0,160.3,
BASF.NS,below_threshold,Ensemble,1 Week,0.7854,0.5333,0.0,0.0,0,0,172.3,
BATAINDIA.NS,ok,Ensemble,2 Months,0.9127,0.8,0.125,0.2162,0,0,161.4,
BAYERCROP.NS,ok,XGBoost,3 Months,0.8447,1.0,0.1228,0.2188,0,0,161.3,
BBTC.NS,below_threshold,RandForest,2 Weeks,0.768,0.55,0.0,0.0,0,0,123.9,
BDL.NS,ok,StackEnsemble,2 Months,0.7892,0.8571,0.08,0.1463,0,0,124.4,
BEL.NS,ok,CatBoost,6 Months,0.7872,0.7273,0.6995,0.7131,0,0,151.9,
BEML.NS,ok,StackEnsemble,1 Month,0.7778,0.8,0.1412,0.24,0,0,168.7,
BERGEPAINT.NS,ok,StackEnsemble,3 Months,0.854,0.766,0.5,0.605,0,0,181.3,
BHARATFORG.NS,ok,XGB_HiReg,6 Months,0.6233,0.6064,1.0,0.755,0,0,155.1,
BHARTIARTL.NS,below_threshold,RandForest,1 Month,0.7939,0.4667,0.0,0.0,0,0,160.2,
BHARTIHEXA.NS,below_threshold,StackEnsemble,2 Weeks,0.7464,0.375,0.0,0.0,0,0,24.2,
BHEL.NS,ok,XGB_HiReg,6 Months,0.7021,0.9,0.4592,0.6081,0,0,193.6,
BIKAJI.NS,below_threshold,RandForest,2 Months,0.7937,0.5833,0.0,0.0,0,0,163.3,
BIOCON.NS,ok,StackEnsemble,1 Week,0.7429,1.0,0.0526,0.1,0,0,157.3,
BLS.NS,below_threshold,GradBoost,1 Week,0.7186,0.3659,0.0,0.0,0,0,165.2,
BLUEDART.NS,ok,RandForest,3 Months,0.8665,0.7333,0.1183,0.2037,0,0,159.6,
BLUEJET.NS,ok,XGBoost,1 Month,0.693,0.6667,0.0556,0.1026,0,0,123.4,
BLUESTARCO.NS,ok,XGB_HiReg,6 Months,0.8767,1.0,0.4146,0.5862,0,0,161.1,
BOSCHLTD.NS,ok,RandForest,3 Months,0.6941,0.75,0.0585,0.1086,0,0,165.9,
BPCL.NS,ok,StackEnsemble,6 Months,0.719,0.8667,0.2889,0.4333,0,0,158.3,
BRIGADE.NS,ok,Ensemble,1 Week,0.7482,0.625,0.0556,0.102,0,0,150.2,
BRITANNIA.NS,ok,RandForest,2 Months,0.8389,0.7778,0.0625,0.1157,0,0,162.2,
BSE.NS,ok,StackEnsemble,6 Months,0.7226,0.7091,0.9949,0.828,0,0,193.0,
BSOFT.NS,below_threshold,XGBoost,2 Weeks,0.7608,0.5625,0.0,0.0,0,0,153.7,
CAMPUS.NS,ok,LightGBM,6 Months,0.9486,0.9683,0.6854,0.8026,0,0,145.7,
CAMS.NS,below_threshold,Ensemble,1 Week,0.7067,0.5714,0.0,0.0,0,0,160.1,
CANBK.NS,ok,StackEnsemble,6 Months,0.75,0.7579,0.5902,0.6636,0,0,163.5,
CANFINHOME.NS,ok,XGBoost,2 Months,0.7349,0.7377,0.2195,0.3383,0,0,163.1,
CAPLIPOINT.NS,ok,XGB_HiReg,1 Month,0.7836,0.72,0.1132,0.1957,0,0,162.0,
CARBORUNIV.NS,ok,Ensemble,6 Months,0.9127,0.7237,0.6471,0.6832,0,0,164.6,
CASTROLIND.NS,ok,Ensemble,3 Months,0.9161,0.75,0.0536,0.1,0,0,157.9,
CCL.NS,ok,LightGBM,6 Months,0.7003,0.9191,0.4325,0.5882,0,0,196.4,
CDSL.NS,ok,RandForest,3 Months,0.7785,0.6667,0.1316,0.2198,0,0,158.2,
CEATLTD.NS,ok,XGBoost,6 Months,0.661,1.0,0.0571,0.1081,0,0,163.3,
CENTRALBK.NS,below_threshold,Ensemble,6 Months,0.9589,0.375,0.0,0.0,0,0,152.9,
CENTURYPLY.NS,ok,RandForest,3 Months,0.7873,0.7143,0.1935,0.3046,0,0,108.1,
CERA.NS,ok,XGB_HiReg,6 Months,0.7928,0.9,0.0698,0.1295,0,0,156.2,
CESC.NS,below_threshold,LGB_HiReg,1 Week,0.6938,0.4839,0.0,0.0,0,0,157.8,
CGCL.NS,ok,RandForest,2 Weeks,0.755,0.7368,0.0782,0.1414,0,0,171.6,
CGPOWER.NS,ok,XGB_HiReg,3 Months,0.7453,0.7364,0.4222,0.5367,0,0,166.6,
CHALET.NS,below_threshold,XGB_HiReg,1 Month,0.7573,0.5556,0.0,0.0,0,0,156.2,
CHAMBLFERT.NS,ok,XGB_HiReg,6 Months,0.9041,1.0,0.2432,0.3913,0,0,155.6,
CHENNPETRO.NS,below_threshold,StackEnsemble,3 Months,0.5994,0.7978,0.0,0.0,0,0,163.0,
CHOICEIN.NS,ok,Ensemble,3 Months,0.7888,0.734,0.3833,0.5036,0,0,149.8,
CHOLAFIN.NS,ok,StackEnsemble,1 Month,0.7398,0.8333,0.0538,0.101,0,0,164.7,
CHOLAHLDNG.NS,ok,Ensemble,6 Months,0.793,0.7069,0.5541,0.6212,0,0,183.3,
CIPLA.NS,below_threshold,RandForest,3 Months,0.8944,0.36,0.0,0.0,0,0,157.7,
CLEAN.NS,ok,Ensemble,6 Months,0.8801,0.7857,0.141,0.2391,0,0,159.4,
COALINDIA.NS,below_threshold,GradBoost,2 Weeks,0.7954,0.4375,0.0,0.0,0,0,155.9,
COCHINSHIP.NS,ok,Ensemble,1 Month,0.7675,0.8462,0.0655,0.1215,0,0,167.1,
COFORGE.NS,ok,Ensemble,3 Months,0.7376,0.7727,0.0939,0.1675,0,0,206.0,
COHANCE.NS,ok,Ensemble,2 Weeks,0.8271,0.7,0.0565,0.1045,0,0,140.1,
COLPAL.NS,below_threshold,TabNet,1 Week,0.7825,0.3429,0.0,0.0,0,0,141.8,
CONCOR.NS,ok,Ensemble,1 Week,0.7729,0.6111,0.0675,0.1215,0,0,158.3,
CONCORDBIO.NS,ok,Ensemble,6 Months,0.9024,0.7143,0.0833,0.1493,0,0,140.8,
COROMANDEL.NS,ok,XGB_HiReg,1 Month,0.7632,0.6923,0.0539,0.1,0,0,155.4,
CRAFTSMAN.NS,below_threshold,RandForest,3 Months,0.5854,1.0,0.0,0.0,0,0,172.9,
CREDITACC.NS,ok,XGB_HiReg,6 Months,0.6387,0.7,0.0639,0.1172,0,0,153.7,
CRISIL.NS,ok,RandForest,6 Months,0.8476,0.7273,0.0851,0.1524,0,0,156.0,
CROMPTON.NS,ok,Ensemble,6 Months,0.9469,0.75,0.2432,0.3673,0,0,151.9,
CUB.NS,ok,XGBoost,1 Month,0.6418,0.7222,0.0514,0.0959,0,0,149.8,
CUMMINSIND.NS,ok,XGBoost,1 Month,0.6769,0.8214,0.179,0.2939,0,0,170.0,
CYIENT.NS,ok,TabNet,2 Weeks,0.7738,0.7059,0.0732,0.1326,0,0,148.3,
DABUR.NS,ok,XGB_HiReg,2 Months,0.8343,1.0,0.0598,0.1129,0,0,143.5,
DALBHARAT.NS,ok,CatBoost,3 Months,0.7562,1.0,0.0063,0.0126,0,0,98.7,
DATAPATTNS.NS,ok,StackEnsemble,3 Months,0.8292,0.9592,0.7421,0.8368,0,0,187.0,
DBREALTY.NS,ok,StackEnsemble,6 Months,0.9683,0.8,0.3636,0.5,0,0,166.4,
DCMSHRIRAM.NS,ok,StackEnsemble,3 Months,0.8758,0.7143,0.3061,0.4286,0,0,165.0,
DEEPAKFERT.NS,ok,StackEnsemble,6 Months,0.9041,0.7213,0.8,0.7586,0,0,154.7,
DEEPAKNTR.NS,ok,RandForest,3 Months,0.896,0.8889,0.1081,0.1928,0,0,168.6,
DELHIVERY.NS,ok,XGB_HiReg,2 Months,0.6687,0.7,0.2692,0.3889,0,0,164.4,
DEVYANI.NS,ok,RandForest,6 Months,0.9384,0.7917,0.38,0.5135,0,0,161.4,
DIVISLAB.NS,ok,RandForest,6 Months,0.8099,0.8,0.1,0.1778,0,0,169.7,
DIXON.NS,ok,Ensemble,2 Months,0.747,0.75,0.0517,0.0968,0,0,147.9,
DLF.NS,below_threshold,Ensemble,1 Month,0.7792,0.5667,0.0,0.0,0,0,150.2,
DMART.NS,ok,StackEnsemble,6 Months,0.8116,0.7143,0.0862,0.1538,0,0,154.4,
DOMS.NS,ok,StackEnsemble,2 Weeks,0.83,0.6,0.05,0.0923,0,0,144.7,
DRREDDY.NS,ok,Ensemble,3 Months,0.8556,0.7407,0.1887,0.3008,0,0,161.1,
ECLERX.NS,ok,RandForest,3 Months,0.6755,1.0,0.0896,0.1644,0,0,175.9,
EICHERMOT.NS,ok,XGB_HiReg,2 Months,0.7063,0.7812,0.1174,0.2041,0,0,162.1,
EIDPARRY.NS,ok,Ensemble,6 Months,0.7106,0.7333,0.0625,0.1152,0,0,166.7,
EIHOTEL.NS,below_threshold,RandForest,1 Month,0.7865,0.5625,0.0,0.0,0,0,147.3,
ELECON.NS,ok,RandForest,6 Months,0.7173,0.8571,0.06,0.1121,0,0,161.9,
ELGIEQUIP.NS,ok,XGBoost,2 Months,0.756,0.7931,0.2347,0.3622,0,0,167.5,
EMAMILTD.NS,ok,TabNet,2 Months,0.8313,0.7143,0.0847,0.1515,0,0,160.5,
EMCURE.NS,ok,StackEnsemble,2 Months,0.6898,1.0,0.055,0.1043,0,0,19.1,
ENDURANCE.NS,ok,XGBoost,3 Months,0.7764,0.6901,0.4949,0.5765,0,0,188.3,
ENGINERSIN.NS,ok,StackEnsemble,3 Months,0.8882,0.7521,0.9263,0.8302,0,0,124.4,
ENRIN.NS,no_data,,,0.0,0.0,0.0,0.0,0,0,0.2,
ERIS.NS,ok,LGB_HiReg,3 Months,0.8603,0.7246,0.8013,0.761,0,0,165.7,
ESCORTS.NS,ok,XGBoost,6 Months,0.8664,0.6667,0.0741,0.1333,0,0,162.3,
ETERNAL.NS,ok,XGB_HiReg,2 Months,0.7244,0.7627,0.2103,0.3297,0,0,151.5,
EXIDEIND.NS,below_threshold,TabNet,6 Months,0.8955,0.45,0.0,0.0,0,0,147.7,
FACT.NS,ok,StackEnsemble,3 Months,0.8758,1.0,0.2157,0.3548,0,0,163.9,
FEDERALBNK.NS,below_threshold,TabNet,6 Months,0.5839,0.8824,0.0,0.0,0,0,155.8,
FINCABLES.NS,ok,RandForest,2 Months,0.738,0.8,0.086,0.1553,0,0,164.8,
FINPIPE.NS,ok,RandForest,6 Months,0.8134,0.6667,0.1043,0.1805,0,0,159.4,
FIRSTCRY.NS,no_data,,,0.0,0.0,0.0,0.0,0,0,0.2,
FIVESTAR.NS,ok,XGB_HiReg,3 Months,0.7857,0.7241,0.4421,0.549,0,0,167.7,
FLUOROCHEM.NS,ok,RandForest,3 Months,0.8292,0.7647,0.2031,0.321,0,0,202.1,
FORCEMOT.NS,ok,RandForest,6 Months,0.7483,0.7705,0.8704,0.8174,0,0,217.5,
FORTIS.NS,ok,XGBoost,1 Month,0.6637,1.0,0.065,0.1221,0,0,175.6,
FSL.NS,ok,XGB_HiReg,1 Week,0.6996,0.7647,0.0594,0.1102,0,0,158.7,
GAIL.NS,ok,RandForest,1 Month,0.826,0.8,0.1221,0.2119,0,0,154.3,
GESHIP.NS,ok,LGB_HiReg,2 Months,0.6506,0.8889,0.065,0.1212,0,0,160.4,
GICRE.NS,below_threshold,XGBoost,1 Week,0.7096,0.3188,0.0,0.0,0,0,157.7,
GILLETTE.NS,ok,Ensemble,3 Months,0.8416,0.7805,0.256,0.3855,0,0,157.5,
GLAND.NS,ok,XGBoost,3 Months,0.6988,0.75,0.1274,0.2177,0,0,167.3,
GLAXO.NS,ok,LightGBM,3 Months,0.7888,0.7073,0.3412,0.4603,0,0,204.4,
GLENMARK.NS,ok,Ensemble,6 Months,0.786,0.7206,0.8,0.7582,0,0,208.9,
GMDCLTD.NS,ok,TabNet,6 Months,0.7024,0.7722,0.8299,0.8,0,0,187.5,
GMRAIRPORT.NS,ok,StackEnsemble,1 Week,0.7257,0.8333,0.0962,0.1724,0,0,185.0,
GODFRYPHLP.NS,ok,RandForest,2 Months,0.6355,0.9412,0.0623,0.1168,0,0,175.2,
GODIGIT.NS,ok,Ensemble,1 Week,0.7897,0.6429,0.0596,0.1091,0,0,24.4,
GODREJAGRO.NS,ok,Ensemble,6 Months,0.899,0.8,0.1765,0.2892,0,0,181.0,
GODREJCP.NS,ok,StackEnsemble,3 Months,0.9472,0.7273,0.75,0.7385,0,0,173.7,
GODREJIND.NS,below_threshold,TabNet,2 Months,0.6958,0.5,0.0,0.0,0,0,183.4,
GODREJPROP.NS,below_threshold,XGB_HiReg,2 Months,0.7651,0.5893,0.0,0.0,0,0,192.9,
GPIL.NS,ok,GradBoost,6 Months,0.7329,0.9204,0.4143,0.5714,0,0,184.9,
GRANULES.NS,ok,RandForest,6 Months,0.6781,1.0,0.0553,0.1048,0,0,197.9,
GRAPHITE.NS,ok,RandForest,6 Months,0.6267,1.0,0.1774,0.3013,0,0,135.0,
GRASIM.NS,ok,LGB_HiReg,2 Weeks,0.7968,0.6667,0.0552,0.1019,0,0,133.8,
GRAVITA.NS,ok,RandForest,1 Week,0.7382,0.6667,0.0635,0.1159,0,0,182.2,
GRSE.NS,ok,XGBoost,2 Weeks,0.696,1.0,0.0746,0.1388,0,0,185.0,
GSPL.NS,ok,XGB_HiReg,2 Months,0.7956,0.6129,0.2657,0.3707,0,0,177.3,
GUJGASLTD.NS,ok,GradBoost,2 Weeks,0.7695,0.6957,0.0947,0.1667,0,0,163.1,
GVT&D.NS,ok,StackEnsemble,6 Months,0.7021,1.0,0.5,0.6667,0,0,188.1,
HAL.NS,ok,StackEnsemble,6 Months,0.9589,1.0,0.25,0.4,0,0,164.1,
HAPPSTMNDS.NS,ok,LGB_HiReg,3 Months,0.9565,0.8,0.2353,0.3636,0,0,184.1,
HAVELLS.NS,ok,RandForest,2 Months,0.875,0.6667,0.092,0.1616,0,0,167.0,
HBLENGINE.NS,ok,XGB_HiReg,3 Months,0.6475,1.0,0.2199,0.3606,0,0,182.9,
HCLTECH.NS,below_threshold,RandForest,6 Months,0.7432,0.4444,0.0,0.0,0,0,206.7,
HDFCAMC.NS,ok,StackEnsemble,1 Month,0.7982,0.8,0.0556,0.1039,0,0,184.6,
HDFCBANK.NS,ok,LGB_HiReg,6 Months,0.8288,0.75,0.1111,0.1935,0,0,169.2,
HDFCLIFE.NS,ok,Ensemble,6 Months,0.8973,0.7053,0.971,0.8171,0,0,181.0,
HEG.NS,ok,RandForest,2 Weeks,0.6931,1.0,0.0575,0.1088,0,0,205.3,
HEROMOTOCO.NS,ok,XGBoost,2 Months,0.7892,0.7262,0.3427,0.4656,0,0,172.5,
HEXT.NS,no_data,,,0.0,0.0,0.0,0.0,0,0,0.2,
HFCL.NS,ok,LGB_HiReg,2 Months,0.7892,0.7302,0.2722,0.3966,0,0,186.6,
HINDALCO.NS,ok,XGB_HiReg,6 Months,0.756,0.9453,0.728,0.8225,0,0,181.3,
HINDCOPPER.NS,ok,StackEnsemble,6 Months,0.7021,0.7422,0.852,0.7933,0,0,179.0,
HINDPETRO.NS,ok,Ensemble,6 Months,0.6832,1.0,0.0561,0.1063,0,0,184.5,
HINDUNILVR.NS,ok,Ensemble,3 Months,0.8727,0.7333,0.1236,0.2115,0,0,164.9,
HINDZINC.NS,ok,RandForest,6 Months,0.6267,0.9286,0.0565,0.1066,0,0,179.2,
HOMEFIRST.NS,below_threshold,TabNet,2 Months,0.7063,0.5676,0.0,0.0,0,0,141.4,
HONASA.NS,ok,StackEnsemble,3 Months,0.7578,0.8235,0.1573,0.2642,0,0,185.3,
HONAUT.NS,ok,XGB_HiReg,1 Month,0.8423,0.8,0.1333,0.2286,0,0,179.9,
HSCL.NS,ok,StackEnsemble,1 Month,0.7164,0.85,0.1532,0.2595,0,0,183.2,
HUDCO.NS,ok,StackEnsemble,3 Months,0.8323,0.8333,0.1613,0.2703,0,0,180.7,
HYUNDAI.NS,no_data,,,0.0,0.0,0.0,0.0,0,0,0.2,
ICICIBANK.NS,ok,Ensemble,6 Months,0.8579,0.7143,0.0581,0.1075,0,0,178.4,
ICICIGI.NS,ok,RandForest,2 Months,0.8389,0.8571,0.0536,0.1008,0,0,177.8,
ICICIPRULI.NS,below_threshold,Ensemble,2 Months,0.8298,0.5,0.0,0.0,0,0,186.2,
IDBI.NS,ok,XGBoost,2 Months,0.6687,1.0,0.0756,0.1406,0,0,187.9,
IDEA.NS,ok,RandForest,6 Months,0.7996,0.7067,0.9422,0.8076,0,0,198.9,
IDFCFIRSTB.NS,below_threshold,TabNet,1 Week,0.7382,0.5667,0.0,0.0,0,0,192.4,
IEX.NS,ok,StackEnsemble,2 Weeks,0.852,0.9286,0.2889,0.4407,0,0,179.7,
IFCI.NS,ok,XGBoost,2 Months,0.6913,0.6833,0.1806,0.2857,0,0,195.6,
IGIL.NS,no_data,,,0.0,0.0,0.0,0.0,0,0,0.3,
IGL.NS,ok,Ensemble,1 Week,0.7454,0.72,0.0952,0.1682,0,0,199.6,
IIFL.NS,ok,RandForest,6 Months,0.6182,1.0,0.0785,0.1456,0,0,222.4,
IKS.NS,no_data,,,0.0,0.0,0.0,0.0,0,0,0.4,
INDGN.NS,ok,Ensemble,2 Months,0.8313,0.7917,0.1508,0.2533,0,0,26.5,
INDHOTEL.NS,below_threshold,Ensemble,1 Week,0.7568,0.5909,0.0,0.0,0,0,192.7,
INDIACEM.NS,ok,StackEnsemble,2 Months,0.7289,0.8571,0.0632,0.1176,0,0,209.7,
INDIAMART.NS,ok,StackEnsemble,2 Weeks,0.8473,0.8571,0.1034,0.1846,0,0,191.0,
INDIANB.NS,ok,StackEnsemble,6 Months,0.7021,0.7431,0.5786,0.6506,0,0,198.3,
INDIGO.NS,below_threshold,StackEnsemble,2 Weeks,0.7867,0.5,0.0,0.0,0,0,134.9,
INDUSINDBK.NS,ok,LGB_HiReg,3 Months,0.6863,0.9231,0.0563,0.1062,0,0,189.9,
INDUSTOWER.NS,ok,LightGBM,2 Weeks,0.7161,0.7333,0.0539,0.1005,0,0,199.4,
INFY.NS,below_threshold,CatBoost,1 Week,0.7597,0.3617,0.0,0.0,0,0,194.5,
INOXINDIA.NS,ok,RandForest,1 Month,0.7368,0.7857,0.0585,0.1089,0,0,150.7,
INOXWIND.NS,ok,LGB_HiReg,2 Weeks,0.7464,0.8333,0.0543,0.102,0,0,189.2,
INTELLECT.NS,ok,XGBoost,6 Months,0.7055,1.0,0.0058,0.0115,0,0,192.5,
IOB.NS,below_threshold,TabNet,1 Week,0.774,0.5882,0.0,0.0,0,0,195.0,
IOC.NS,ok,TabNet,1 Week,0.7511,0.7,0.0769,0.1386,0,0,191.7,
IPCALAB.NS,ok,Ensemble,1 Week,0.7382,0.6667,0.0532,0.0985,0,0,209.9,
IRB.NS,below_threshold,GradBoost,1 Month,0.7822,0.5238,0.0,0.0,0,0,184.8,
IRCON.NS,below_threshold,XGB_HiReg,6 Months,0.8065,0.5185,0.0,0.0,0,0,154.4,
IRCTC.NS,below_threshold,LGB_HiReg,2 Weeks,0.8545,0.5,0.0,0.0,0,0,151.2,
IREDA.NS,ok,XGBoost,6 Months,0.9658,0.7222,0.4643,0.5652,0,0,144.6,
IRFC.NS,ok,GradBoost,2 Weeks,0.8055,0.7391,0.1164,0.2012,0,0,157.5,
ITC.NS,ok,Ensemble,2 Weeks,0.9164,0.75,0.05,0.0938,0,0,114.3,
ITCHOTELS.NS,no_data,,,0.0,0.0,0.0,0.0,0,0,0.2,
ITI.NS,ok,StackEnsemble,3 Months,0.8261,0.8261,0.2676,0.4043,0,0,154.2,
J&KBANK.NS,ok,StackEnsemble,2 Weeks,0.7118,0.8333,0.0926,0.1667,0,0,158.2,
JBCHEPHARM.NS,ok,RandForest,6 Months,0.7791,0.7778,0.1007,0.1783,0,0,153.9,
JBMA.NS,ok,XGB_HiReg,6 Months,0.8425,0.8065,0.2252,0.3521,0,0,108.0,
JINDALSAW.NS,ok,XGBoost,6 Months,0.8048,0.8049,0.2374,0.3667,0,0,151.0,
JINDALSTEL.NS,ok,StackEnsemble,2 Months,0.7199,0.7647,0.2342,0.3586,0,0,145.1,
JIOFIN.NS,ok,XGBoost,6 Months,0.7791,1.0,0.1731,0.2951,0,0,129.5,
JKCEMENT.NS,ok,StackEnsemble,3 Months,0.941,0.75,0.1429,0.24,0,0,188.7,
JKTYRE.NS,ok,XGB_HiReg,6 Months,0.7329,0.7152,0.774,0.7434,0,0,148.1,
JMFINANCIL.NS,ok,XGB_HiReg,6 Months,0.7021,1.0,0.1031,0.1869,0,0,115.9,
JPPOWER.NS,ok,RandForest,2 Months,0.7214,0.7442,0.1553,0.257,0,0,156.8,
JSL.NS,ok,Ensemble,6 Months,0.7106,0.7429,0.1398,0.2353,0,0,166.2,
JSWCEMENT.NS,no_data,,,0.0,0.0,0.0,0.0,0,0,0.2,
JSWENERGY.NS,ok,RandForest,3 Months,0.7717,0.7059,0.0779,0.1404,0,0,164.7,
JSWINFRA.NS,ok,Ensemble,2 Weeks,0.7565,0.7059,0.0682,0.1244,0,0,126.1,
JSWSTEEL.NS,ok,StackEnsemble,1 Month,0.8304,0.7083,0.4359,0.5397,0,0,163.6,
JUBLFOOD.NS,ok,RandForest,2 Weeks,0.83,0.75,0.0952,0.169,0,0,153.8,
JUBLINGREA.NS,ok,XGB_HiReg,1 Week,0.6981,0.6875,0.0507,0.0944,0,0,154.3,
JUBLPHARMA.NS,ok,StackEnsemble,2 Months,0.756,0.75,0.1348,0.2286,0,0,156.6,
JWL.NS,ok,Ensemble,1 Week,0.7482,0.7083,0.0914,0.1619,0,0,149.1,
JYOTHYLAB.NS,below_threshold,XGBoost,1 Week,0.7725,0.4211,0.0,0.0,0,0,153.1,
JYOTICNC.NS,ok,TabNet,2 Weeks,0.7147,0.6,0.0739,0.1316,0,0,134.8,
KAJARIACER.NS,ok,StackEnsemble,2 Months,0.9066,0.7031,0.7895,0.7438,0,0,158.6,
KALYANKJIL.NS,ok,StackEnsemble,6 Months,0.9452,0.75,0.1667,0.2727,0,0,141.0,
KARURVYSYA.NS,ok,LGB_HiReg,3 Months,0.6227,1.0,0.0581,0.1099,0,0,159.3,
KAYNES.NS,ok,XGBoost,6 Months,0.7586,0.6373,0.8667,0.7345,0,0,171.8,
KEC.NS,ok,RandForest,3 Months,0.8665,0.8,0.087,0.1569,0,0,156.7,
KEI.NS,ok,StackEnsemble,2 Weeks,0.6513,0.9,0.0698,0.1295,0,0,165.7,
KFINTECH.NS,ok,Ensemble,2 Weeks,0.7695,0.75,0.0542,0.1011,0,0,179.9,
KIMS.NS,ok,Ensemble,6 Months,0.7175,0.75,0.1475,0.2466,0,0,179.4,
KIRLOSBROS.NS,below_threshold,XGB_HiReg,1 Month,0.7646,0.56,0.0,0.0,0,0,170.5,
KIRLOSENG.NS,ok,StackEnsemble,6 Months,0.9144,0.9144,1.0,0.9553,0,0,170.2,
KOTAKBANK.NS,below_threshold,XGBoost,3 Months,0.8199,0.4444,0.0,0.0,0,0,173.0,
KPIL.NS,ok,StackEnsemble,3 Months,0.8634,0.7045,0.5,0.5849,0,0,163.4,
KPITTECH.NS,below_threshold,XGBoost,2 Weeks,0.683,0.3991,0.0,0.0,0,0,164.1,
KPRMILL.NS,ok,LGB_HiReg,2 Weeks,0.6951,1.0,0.0685,0.1282,0,0,165.4,
KSB.NS,ok,StackEnsemble,3 Months,0.7733,0.6512,0.3256,0.4341,0,0,175.2,
LALPATHLAB.NS,ok,StackEnsemble,2 Months,0.9157,0.8043,0.6607,0.7255,0,0,167.9,
LATENTVIEW.NS,ok,XGB_HiReg,1 Month,0.7354,0.65,0.1347,0.2232,0,0,200.3,
LAURUSLABS.NS,ok,GradBoost,6 Months,0.7757,0.7718,0.8958,0.8292,0,0,176.6,
LEMONTREE.NS,ok,Ensemble,6 Months,0.7962,0.7692,0.0794,0.1439,0,0,190.0,
LICHSGFIN.NS,below_threshold,CatBoost,2 Weeks,0.8055,0.5,0.0,0.0,0,0,178.1,
LICI.NS,ok,XGB_HiReg,6 Months,0.8887,0.9778,0.4074,0.5752,0,0,177.6,
LINDEINDIA.NS,ok,RandForest,3 Months,0.7981,0.7123,0.323,0.4444,0,0,166.4,
LLOYDSME.NS,ok,StackEnsemble,6 Months,0.774,0.7073,0.3494,0.4677,0,0,153.8,
LODHA.NS,below_threshold,CatBoost,1 Month,0.7222,0.5472,0.0,0.0,0,0,168.2,
LT.NS,ok,XGB_HiReg,6 Months,0.8168,0.7089,0.4,0.5114,0,0,187.5,
LTF.NS,ok,Ensemble,2 Weeks,0.683,0.6667,0.0531,0.0984,0,0,205.9,
LTFOODS.NS,ok,StackEnsemble,2 Weeks,0.7666,0.7143,0.0595,0.1099,0,0,185.0,
LTIM.NS,ok,XGB_HiReg,2 Months,0.7756,0.8421,0.0988,0.1768,0,0,209.0,
LTTS.NS,ok,CatBoost,2 Weeks,0.7709,0.7143,0.0893,0.1587,0,0,186.7,
LUPIN.NS,below_threshold,LGB_HiReg,1 Week,0.7668,0.375,0.0,0.0,0,0,189.8,
M&M.NS,ok,StackEnsemble,1 Month,0.8187,0.7692,0.1449,0.2439,0,0,184.5,
M&MFIN.NS,ok,RandForest,1 Month,0.6871,0.6875,0.05,0.0932,0,0,179.0,
MAHABANK.NS,ok,XGB_HiReg,6 Months,0.6233,0.9412,0.128,0.2254,0,0,185.3,
MAHSCOOTER.NS,ok,StackEnsemble,1 Week,0.8362,0.8889,0.125,0.2192,0,0,205.8,
MAHSEAMLES.NS,ok,XGBoost,2 Months,0.8012,0.8571,0.0845,0.1538,0,0,158.1,
MANAPPURAM.NS,ok,XGBoost,2 Months,0.6446,1.0,0.056,0.1061,0,0,191.9,
MANKIND.NS,below_threshold,XGBoost,2 Weeks,0.7781,0.5833,0.0,0.0,0,0,174.8,
MANYAVAR.NS,ok,RandForest,1 Month,0.8841,0.6,0.2,0.3,0,0,196.7,
MAPMYINDIA.NS,below_threshold,Ensemble,2 Weeks,0.83,0.5385,0.0,0.0,0,0,184.3,
MARICO.NS,ok,XGB_HiReg,2 Months,0.8449,0.9048,0.2774,0.4246,0,0,186.6,
MARUTI.NS,ok,RandForest,6 Months,0.8647,0.7185,0.7029,0.7106,0,0,204.4,
MAXHEALTH.NS,below_threshold,LGB_HiReg,1 Week,0.7239,0.55,0.0,0.0,0,0,185.0,
MAZDOCK.NS,ok,XGB_HiReg,6 Months,0.7449,0.7857,0.1333,0.228,0,0,190.0,
MCX.NS,ok,StackEnsemble,6 Months,0.976,0.976,1.0,0.9879,0,0,218.9,
MEDANTA.NS,below_threshold,LightGBM,3 Months,0.7345,0.527,0.0,0.0,0,0,176.1,
METROPOLIS.NS,ok,Ensemble,6 Months,0.7688,0.6923,0.1241,0.2105,0,0,205.5,
MFSL.NS,ok,XGB_HiReg,6 Months,0.8031,0.7072,0.6737,0.69,0,0,183.9,
MGL.NS,ok,RandForest,2 Months,0.8087,0.7143,0.1103,0.1911,0,0,183.1,
MINDACORP.NS,ok,XGB_HiReg,6 Months,0.8836,0.6937,0.6937,0.6937,0,0,178.1,
MMTC.NS,ok,Ensemble,2 Months,0.7093,0.7,0.0697,0.1267,0,0,185.3,
MOTHERSON.NS,ok,XGBoost,2 Weeks,0.7262,0.701,0.2969,0.4172,0,0,194.4,
MOTILALOFS.NS,ok,XGBoost,6 Months,0.6455,0.875,0.0639,0.1191,0,0,181.8,
MPHASIS.NS,ok,RandForest,2 Months,0.7666,0.7234,0.1932,0.3049,0,0,170.4,
MRF.NS,ok,LGB_HiReg,6 Months,0.7637,1.0,0.1266,0.2247,0,0,176.0,
MRPL.NS,ok,TabNet,3 Months,0.6599,0.64,0.0708,0.1275,0,0,168.6,
MSUMI.NS,ok,XGBoost,6 Months,0.7021,1.0,0.0938,0.1714,0,0,168.0,
MUTHOOTFIN.NS,ok,StackEnsemble,2 Months,0.6506,0.7,0.0583,0.1077,0,0,174.6,
NAM-INDIA.NS,ok,CatBoost,6 Months,0.7754,0.7461,0.9502,0.8359,0,0,189.7,
NATCOPHARM.NS,ok,RandForest,3 Months,0.6444,0.9231,0.0956,0.1733,0,0,192.5,
NATIONALUM.NS,ok,StackEnsemble,6 Months,0.9007,0.958,0.9331,0.9454,0,0,176.8,
NAUKRI.NS,below_threshold,RandForest,1 Month,0.8099,0.5263,0.0,0.0,0,0,159.3,
NAVA.NS,ok,XGB_HiReg,2 Months,0.7108,0.7754,0.3993,0.5271,0,0,185.4,
NAVINFLUOR.NS,ok,LGB_HiReg,2 Weeks,0.6556,1.0,0.0083,0.0165,0,0,154.9,
NBCC.NS,ok,StackEnsemble,6 Months,0.8801,0.7143,0.1316,0.2222,0,0,160.8,
NCC.NS,below_threshold,RandForest,2 Months,0.7892,0.5556,0.0,0.0,0,0,125.0,
NESTLEIND.NS,ok,LGB_HiReg,2 Weeks,0.8112,0.7778,0.0515,0.0966,0,0,155.3,
NETWEB.NS,ok,LightGBM,6 Months,0.7911,0.7726,0.9159,0.8382,0,0,210.1,
NEULANDLAB.NS,ok,StackEnsemble,1 Month,0.7602,0.7273,0.2474,0.3692,0,0,167.8,
NEWGEN.NS,below_threshold,Ensemble,1 Month,0.7851,0.4706,0.0,0.0,0,0,158.5,
NH.NS,ok,GradBoost,2 Months,0.6446,0.6842,0.0535,0.0992,0,0,178.8,
NHPC.NS,ok,RandForest,2 Weeks,0.7534,0.6875,0.0948,0.1667,0,0,157.4,
NIACL.NS,below_threshold,GradBoost,1 Month,0.8046,0.5938,0.0,0.0,0,0,168.1,
NIVABUPA.NS,no_data,,,0.0,0.0,0.0,0.0,0,0,0.2,
NLCINDIA.NS,ok,Ensemble,6 Months,0.7346,0.7857,0.0675,0.1243,0,0,170.4,
NMDC.NS,ok,StackEnsemble,2 Months,0.7982,0.7209,0.3605,0.4806,0,0,181.2,
NSLNISP.NS,ok,Ensemble,2 Weeks,0.7118,0.75,0.0577,0.1071,0,0,153.7,
NTPC.NS,below_threshold,Ensemble,1 Week,0.7969,0.5455,0.0,0.0,0,0,140.9,
NTPCGREEN.NS,no_data,,,0.0,0.0,0.0,0.0,0,0,0.2,
NUVAMA.NS,ok,LGB_HiReg,6 Months,0.8425,0.7216,0.9249,0.8107,0,0,147.5,
NUVOCO.NS,ok,StackEnsemble,2 Months,0.8705,0.75,0.0667,0.1224,0,0,162.2,
NYKAA.NS,ok,LightGBM,6 Months,0.7021,0.8315,0.5068,0.6298,0,0,152.8,
OBEROIRLTY.NS,ok,Ensemble,2 Months,0.8178,0.7536,0.3333,0.4622,0,0,152.9,
OFSS.NS,ok,Ensemble,3 Months,0.7438,0.9,0.052,0.0984,0,0,164.5,
OIL.NS,below_threshold,CatBoost,1 Week,0.7139,0.5195,0.0,0.0,0,0,152.6,
OLAELEC.NS,no_data,,,0.0,0.0,0.0,0.0,0,0,0.2,
OLECTRA.NS,ok,Ensemble,3 Months,0.7811,0.7015,0.4821,0.5714,0,0,193.6,
ONESOURCE.NS,no_data,,,0.0,0.0,0.0,0.0,0,0,0.2,
ONGC.NS,below_threshold,TabNet,3 Months,0.7888,0.4074,0.0,0.0,0,0,153.4,
PAGEIND.NS,ok,Ensemble,3 Months,0.8494,0.7647,0.3145,0.4457,0,0,154.4,
PATANJALI.NS,below_threshold,XGB_HiReg,2 Weeks,0.866,0.5238,0.0,0.0,0,0,156.1,
PAYTM.NS,ok,XGB_HiReg,1 Month,0.6857,1.0,0.0773,0.1434,0,0,160.7,
PCBL.NS,ok,StackEnsemble,1 Week,0.7686,0.6,0.1071,0.1818,0,0,159.9,
PERSISTENT.NS,below_threshold,Ensemble,2 Months,0.7274,0.5946,0.0,0.0,0,0,163.5,
PETRONET.NS,ok,RandForest,3 Months,0.896,0.75,0.3176,0.4463,0,0,157.8,
PFC.NS,ok,RandForest,6 Months,0.8168,0.7143,0.0885,0.1575,0,0,157.9,
PFIZER.NS,ok,XGBoost,2 Weeks,0.8343,0.6667,0.0508,0.0945,0,0,150.4,
PGEL.NS,below_threshold,RandForest,1 Week,0.6838,0.5909,0.0,0.0,0,0,164.4,
PGHH.NS,below_threshold,CatBoost,2 Weeks,0.8818,0.5,0.0,0.0,0,0,154.7,
PHOENIXLTD.NS,below_threshold,Ensemble,2 Weeks,0.7277,0.5882,0.0,0.0,0,0,168.6,
PIDILITIND.NS,ok,StackEnsemble,2 Months,0.8705,0.8,0.087,0.1569,0,0,160.8,
PIIND.NS,ok,RandForest,1 Month,0.826,0.7273,0.0645,0.1185,0,0,170.5,
PNB.NS,ok,XGBoost,6 Months,0.762,0.6667,0.0694,0.1258,0,0,161.5,
PNBHOUSING.NS,ok,StackEnsemble,6 Months,0.8356,0.9238,0.708,0.8017,0,0,185.2,
POLICYBZR.NS,ok,StackEnsemble,6 Months,0.8973,0.8,0.1212,0.2105,0,0,168.4,
POLYCAB.NS,ok,XGB_HiReg,3 Months,0.7453,0.72,0.4696,0.5684,0,0,170.0,
POLYMED.NS,ok,RandForest,3 Months,0.8214,0.6364,0.0593,0.1085,0,0,165.4,
POONAWALLA.NS,ok,XGBoost,2 Months,0.6687,1.0,0.0984,0.1791,0,0,209.0,
POWERGRID.NS,below_threshold,LGB_HiReg,1 Month,0.8143,0.4444,0.0,0.0,0,0,166.0,
POWERINDIA.NS,ok,StackEnsemble,3 Months,0.7702,0.8317,0.816,0.8238,0,0,186.8,
PPLPHARMA.NS,ok,RandForest,1 Month,0.7968,0.7273,0.2013,0.3153,0,0,155.6,
PRAJIND.NS,ok,XGBoost,2 Weeks,0.7867,0.7273,0.0523,0.0976,0,0,176.8,
PREMIERENE.NS,no_data,,,0.0,0.0,0.0,0.0,0,0,0.2,
PRESTIGE.NS,ok,Ensemble,2 Months,0.747,0.775,0.1632,0.2696,0,0,126.3,
PTCIL.NS,ok,StackEnsemble,6 Months,0.8322,0.7333,0.7253,0.7293,0,0,153.5,
PVRINOX.NS,ok,CatBoost,1 Month,0.7719,0.6471,0.0683,0.1236,0,0,160.1,
RADICO.NS,ok,StackEnsemble,2 Weeks,0.732,0.8333,0.0515,0.0971,0,0,194.3,
RAILTEL.NS,ok,RandForest,1 Week,0.7425,0.8421,0.0829,0.1509,0,0,171.7,
RAINBOW.NS,ok,RandForest,2 Months,0.7696,0.7059,0.075,0.1356,0,0,166.1,
RAMCOCEM.NS,ok,RandForest,6 Months,0.7321,0.7778,0.05,0.094,0,0,175.3,
RBLBANK.NS,ok,LGB_HiReg,2 Weeks,0.67,0.7895,0.0625,0.1158,0,0,169.9,
RCF.NS,ok,XGBoost,1 Month,0.8202,0.7083,0.2378,0.356,0,0,158.9,
RECLTD.NS,below_threshold,Ensemble,3 Months,0.9037,0.5,0.0,0.0,0,0,148.3,
REDINGTON.NS,ok,StackEnsemble,1 Month,0.7895,0.7273,0.1039,0.1818,0,0,165.0,
RELIANCE.NS,ok,StackEnsemble,3 Months,0.9503,0.7143,1.0,0.8333,0,0,157.9,
RHIM.NS,ok,XGB_HiReg,6 Months,0.899,0.8,0.0645,0.1194,0,0,173.1,
RITES.NS,ok,XGBoost,2 Months,0.7846,0.6667,0.0933,0.1637,0,0,167.7,
RKFORGE.NS,ok,XGBoost,1 Month,0.7719,0.6667,0.05,0.093,0,0,154.4,
RPOWER.NS,ok,StackEnsemble,3 Months,0.9068,0.7755,0.6667,0.717,0,0,164.0,
RRKABEL.NS,ok,Ensemble,1 Month,0.7617,0.7048,0.5065,0.5894,0,0,181.1,
RVNL.NS,below_threshold,XGB_HiReg,1 Week,0.7568,0.5217,0.0,0.0,0,0,162.3,
SAGILITY.NS,no_data,,,0.0,0.0,0.0,0.0,0,0,0.2,
SAIL.NS,ok,StackEnsemble,6 Months,0.6206,0.9368,0.4972,0.6496,0,0,162.2,
SAILIFE.NS,no_data,,,0.0,0.0,0.0,0.0,0,0,0.2,
SAMMAANCAP.NS,ok,StackEnsemble,3 Months,0.7516,0.7692,0.1149,0.2,0,0,163.8,
SAPPHIRE.NS,ok,RandForest,6 Months,0.9675,0.7059,0.4615,0.5581,0,0,167.4,
SARDAEN.NS,ok,RandForest,6 Months,0.8379,0.7037,0.9448,0.8066,0,0,198.7,
SAREGAMA.NS,ok,RandForest,3 Months,0.8675,0.8333,0.0633,0.1176,0,0,162.2,
SBFC.NS,ok,StackEnsemble,1 Month,0.8275,0.9091,0.1471,0.2532,0,0,172.4,
SBICARD.NS,ok,RandForest,3 Months,0.7811,0.7895,0.0987,0.1754,0,0,158.7,
SBILIFE.NS,ok,StackEnsemble,3 Months,0.8727,0.7037,0.3654,0.481,0,0,163.4,
SBIN.NS,ok,StackEnsemble,6 Months,0.8617,0.8272,0.9504,0.8845,0,0,160.2,
SCHAEFFLER.NS,ok,StackEnsemble,3 Months,0.9046,0.7241,0.525,0.6087,0,0,162.0,
SCHNEIDER.NS,ok,LGB_HiReg,2 Months,0.7355,0.7101,0.6627,0.6856,0,0,160.1,
SCI.NS,ok,StackEnsemble,6 Months,0.7391,0.716,0.5743,0.6374,0,0,171.1,
SHREECEM.NS,below_threshold,Ensemble,1 Week,0.7907,0.5,0.0,0.0,0,0,162.6,
SHRIRAMFIN.NS,ok,StackEnsemble,6 Months,0.7075,0.9875,0.5197,0.681,0,0,164.5,
SHYAMMETL.NS,ok,StackEnsemble,3 Months,0.7774,0.7143,0.0758,0.137,0,0,162.2,
SIEMENS.NS,ok,Ensemble,3 Months,0.7032,0.6316,0.0694,0.125,0,0,161.9,
SIGNATURE.NS,ok,Ensemble,2 Months,0.785,0.65,0.0985,0.1711,0,0,159.9,
SJVN.NS,below_threshold,TabNet,2 Weeks,0.7911,0.5263,0.0,0.0,0,0,151.6,
SOBHA.NS,ok,CatBoost,1 Week,0.7037,0.7857,0.0573,0.1068,0,0,166.4,
SOLARINDS.NS,ok,LGB_HiReg,2 Weeks,0.6526,0.8235,0.0622,0.1157,0,0,168.6,
SONACOMS.NS,ok,XGBoost,6 Months,0.7549,0.8214,0.162,0.2706,0,0,179.3,
SONATSOFTW.NS,ok,StackEnsemble,2 Months,0.8225,1.0,0.0877,0.1613,0,0,158.1,
SRF.NS,ok,XGB_HiReg,6 Months,0.9127,1.0,0.0556,0.1053,0,0,171.9,
STARHEALTH.NS,ok,XGB_HiReg,2 Months,0.7526,0.9,0.1118,0.1989,0,0,165.1,
SUMICHEM.NS,ok,StackEnsemble,6 Months,0.9012,0.75,0.5385,0.6269,0,0,159.1,
SUNDARMFIN.NS,ok,Ensemble,6 Months,0.7806,0.875,0.0598,0.112,0,0,175.4,
SUNDRMFAST.NS,below_threshold,Ensemble,3 Months,0.8781,0.5714,0.0,0.0,0,0,171.6,
SUNPHARMA.NS,below_threshold,CatBoost,2 Weeks,0.8393,0.381,0.0,0.0,0,0,162.4,
SUNTV.NS,below_threshold,GradBoost,1 Week,0.7778,0.4375,0.0,0.0,0,0,160.6,
SUPREMEIND.NS,ok,XGBoost,1 Month,0.8102,0.7,0.3427,0.4601,0,0,165.2,
SUZLON.NS,ok,RandForest,3 Months,0.7703,0.7692,0.073,0.1333,0,0,154.2,
SWANCORP.NS,ok,GradBoost,2 Weeks,0.7597,0.6,0.0789,0.1395,0,0,152.5,
SWIGGY.NS,no_data,,,0.0,0.0,0.0,0.0,0,0,0.2,
SYNGENE.NS,ok,XGB_HiReg,1 Week,0.7617,0.8,0.0764,0.1395,0,0,160.5,
SYRMA.NS,ok,XGB_HiReg,6 Months,0.86,0.8641,0.902,0.8826,0,0,158.3,
TARIL.NS,ok,RandForest,2 Months,0.7894,0.7794,0.3292,0.4629,0,0,112.5,
TATACHEM.NS,ok,GradBoost,3 Months,0.8457,0.7143,0.2451,0.365,0,0,166.6,
TATACOMM.NS,ok,XGB_HiReg,2 Months,0.7209,0.7727,0.1818,0.2944,0,0,157.8,
TATACONSUM.NS,ok,LGB_HiReg,6 Months,0.8849,0.68,0.2537,0.3696,0,0,166.2,
TATAELXSI.NS,ok,RandForest,2 Months,0.8958,0.75,0.3333,0.4615,0,0,155.4,
TATAINVEST.NS,ok,Ensemble,3 Months,0.7358,0.8148,0.1325,0.228,0,0,169.9,
TATAPOWER.NS,below_threshold,RandForest,1 Week,0.7318,0.5,0.0,0.0,0,0,157.8,
TATASTEEL.NS,ok,GradBoost,1 Month,0.6589,0.6923,0.0833,0.1488,0,0,162.5,
TATATECH.NS,below_threshold,LGB_HiReg,3 Months,0.8191,0.5,0.0,0.0,0,0,116.3,
TBOTEK.NS,ok,StackEnsemble,3 Months,0.8085,1.0,0.1,0.1818,0,0,22.5,
TCS.NS,below_threshold,TabNet,1 Week,0.79,0.3556,0.0,0.0,0,0,158.2,
TECHM.NS,ok,XGB_HiReg,3 Months,0.7855,0.7429,0.1884,0.3006,0,0,164.2,
TECHNOE.NS,ok,RandForest,3 Months,0.695,0.8824,0.0811,0.1485,0,0,178.8,
TEJASNET.NS,ok,RandForest,3 Months,0.9397,0.7234,0.6939,0.7083,0,0,161.9,
THELEELA.NS,no_data,,,0.0,0.0,0.0,0.0,0,0,0.2,
THERMAX.NS,ok,RandForest,6 Months,0.7778,0.9286,0.1048,0.1884,0,0,159.3,
TIINDIA.NS,ok,StackEnsemble,2 Months,0.7192,0.8,0.0909,0.1633,0,0,176.8,
TIMKEN.NS,ok,StackEnsemble,3 Months,0.8191,0.925,0.4353,0.592,0,0,174.8,
TITAGARH.NS,ok,StackEnsemble,2 Months,0.8014,0.75,0.3846,0.5085,0,0,153.2,
TITAN.NS,ok,Ensemble,3 Months,0.8245,0.7778,0.1284,0.2205,0,0,153.9,
TMPV.NS,below_threshold,TabNet,1 Week,0.727,0.4167,0.0,0.0,0,0,152.1,
TORNTPHARM.NS,ok,RandForest,6 Months,0.7857,0.707,0.6416,0.6727,0,0,148.8,
TORNTPOWER.NS,ok,Ensemble,2 Months,0.7551,0.6154,0.0548,0.1006,0,0,149.8,
TRENT.NS,ok,RandForest,2 Months,0.7877,0.9,0.0682,0.1268,0,0,148.4,
TRIDENT.NS,ok,GradBoost,3 Months,0.8387,0.8333,0.0526,0.099,0,0,157.9,
TRITURBINE.NS,ok,Ensemble,6 Months,0.8591,0.7143,0.5288,0.6077,0,0,163.2,
TRIVENI.NS,below_threshold,XGB_HiReg,1 Week,0.729,0.5,0.0,0.0,0,0,164.7,
TTML.NS,ok,LGB_HiReg,2 Months,0.9007,0.7458,0.5057,0.6027,0,0,162.0,
TVSMOTOR.NS,ok,XGB_HiReg,6 Months,0.6766,1.0,0.2049,0.3401,0,0,153.9,
UBL.NS,below_threshold,GradBoost,1 Week,0.8239,0.5,0.0,0.0,0,0,152.1,
UCOBANK.NS,ok,RandForest,2 Weeks,0.7997,0.6667,0.063,0.1151,0,0,161.6,
ULTRACEMCO.NS,ok,RandForest,1 Month,0.8096,0.7778,0.0583,0.1085,0,0,165.5,
UNIONBANK.NS,ok,XGB_HiReg,6 Months,0.7103,0.6949,0.9094,0.7878,0,0,160.9,
UNITDSPR.NS,below_threshold,TabNet,2 Weeks,0.8094,0.5455,0.0,0.0,0,0,160.7,
UNOMINDA.NS,ok,XGBoost,6 Months,0.7143,1.0,0.28,0.4375,0,0,180.2,
UPL.NS,ok,StackEnsemble,1 Month,0.7384,0.7692,0.1163,0.202,0,0,142.2,
USHAMART.NS,ok,StackEnsemble,1 Month,0.7318,0.875,0.0805,0.1474,0,0,165.2,
UTIAMC.NS,ok,XGB_HiReg,1 Month,0.7483,0.65,0.0823,0.1461,0,0,166.8,
VBL.NS,below_threshold,Ensemble,1 Month,0.7318,0.5238,0.0,0.0,0,0,159.1,
VEDL.NS,ok,LGB_HiReg,1 Week,0.6559,0.7778,0.0921,0.1647,0,0,156.6,
VENTIVE.NS,no_data,,,0.0,0.0,0.0,0.0,0,0,0.3,
VGUARD.NS,ok,LightGBM,2 Weeks,0.8257,0.6923,0.0804,0.144,0,0,158.9,
VIJAYA.NS,ok,RandForest,1 Week,0.7189,0.6087,0.0782,0.1386,0,0,173.4,
VMM.NS,no_data,,,0.0,0.0,0.0,0.0,0,0,0.2,
VOLTAS.NS,ok,TabNet,3 Months,0.8546,0.6,0.0714,0.1277,0,0,155.4,
VTL.NS,ok,RandForest,6 Months,0.6488,1.0,0.0635,0.1194,0,0,183.1,
WAAREEENER.NS,no_data,,,0.0,0.0,0.0,0.0,0,0,0.2,
WELCORP.NS,ok,Ensemble,3 Months,0.7115,0.8182,0.0529,0.0994,0,0,163.8,
WELSPUNLIV.NS,ok,RandForest,6 Months,0.7917,0.6667,0.0909,0.16,0,0,158.8,
WHIRLPOOL.NS,ok,Ensemble,1 Month,0.7003,0.9231,0.0625,0.1171,0,0,160.6,
WIPRO.NS,ok,RandForest,3 Months,0.9354,0.7037,0.2714,0.3918,0,0,302.4,
WOCKPHARMA.NS,ok,XGBoost,2 Months,0.7329,0.7111,0.1829,0.2909,0,0,166.8,
YESBANK.NS,ok,StackEnsemble,6 Months,0.9365,1.0,0.1579,0.2727,0,0,162.5,
ZEEL.NS,ok,TabNet,2 Months,0.7277,0.7027,0.1494,0.2464,0,0,161.9,
ZENSARTECH.NS,ok,LGB_HiReg,2 Weeks,0.7801,0.7,0.0504,0.094,0,0,165.3,
ZENTEC.NS,ok,StackEnsemble,6 Months,0.9127,0.7978,0.9467,0.8659,0,0,163.6,
ZFCVINDIA.NS,ok,RandForest,6 Months,0.8135,0.7196,0.5461,0.621,0,0,157.8,
ZYDUSLIFE.NS,ok,RandForest,1 Month,0.8427,0.7647,0.125,0.2149,0,0,161.8,
AADHARHFC.NS,ok,LGB_HiReg,3 Months,0.8167,0.8133,0.598,0.6893,0,0,42.8,
ABBOTINDIA.NS,ok,XGBoost,2 Months,0.8,0.7273,0.1159,0.2,0,0,198.7,
3MINDIA.NS,ok,StackEnsemble,6 Months,0.6583,1.0,0.3051,0.4675,0,0,211.8,
ABLBL.NS,no_data,,,0.0,0.0,0.0,0.0,0,0,3.5,
ACMESOLAR.NS,no_data,,,0.0,0.0,0.0,0.0,0,0,3.4,
AEGISVOPAK.NS,no_data,,,0.0,0.0,0.0,0.0,0,0,3.2,
AFCONS.NS,no_data,,,0.0,0.0,0.0,0.0,0,0,3.3,
AGARWALEYE.NS,no_data,,,0.0,0.0,0.0,0.0,0,0,3.2,
ABFRL.NS,ok,CatBoost,1 Week,0.707,0.6667,0.0561,0.1034,0,0,176.8,
AJANTPHARM.NS,ok,Ensemble,3 Months,0.7467,0.7,0.0875,0.1556,0,0,198.1,
AKZOINDIA.NS,ok,XGBoost,2 Months,0.8031,0.8,0.0606,0.1127,0,0,205.3,
ALKYLAMINE.NS,ok,XGB_HiReg,6 Months,0.9125,0.9846,0.7619,0.8591,0,0,201.2,
ANANTRAJ.NS,ok,Ensemble,1 Month,0.7294,0.7059,0.1212,0.2069,0,0,176.7,
APLLTD.NS,ok,StackEnsemble,2 Months,0.9437,0.7273,1.0,0.8421,0,0,146.3,
APOLLOHOSP.NS,ok,XGB_HiReg,3 Months,0.66,1.0,0.157,0.2714,0,0,214.1,
APTUS.NS,below_threshold,CatBoost,1 Month,0.75,0.5667,0.0,0.0,0,0,209.0,
ATHERENERG.NS,no_data,,,0.0,0.0,0.0,0.0,0,0,3.5,
ARE&M.NS,ok,RandForest,1 Week,0.7437,0.8571,0.0625,0.1165,0,0,215.4,
BAJAJHFL.NS,no_data,,,0.0,0.0,0.0,0.0,0,0,4.0,
BAJAJ-AUTO.NS,ok,StackEnsemble,1 Week,0.7135,0.8571,0.1071,0.1905,0,0,205.3,
BAJAJHLDNG.NS,ok,XGBoost,1 Week,0.6789,0.6,0.0517,0.0952,0,0,238.2,
BALKRISIND.NS,ok,RandForest,1 Month,0.7706,0.6087,0.3182,0.4179,0,0,239.2,
BBTC.NS,ok,RandForest,2 Weeks,0.7657,0.7,0.0814,0.1458,0,0,149.0,
BASF.NS,ok,Ensemble,2 Months,0.8656,0.7647,0.4262,0.5474,0,0,229.3,
BHARTIHEXA.NS,below_threshold,Ensemble,2 Weeks,0.6857,0.5263,0.0,0.0,0,0,36.9,
BHARTIARTL.NS,ok,Ensemble,3 Months,0.63,0.8571,0.0517,0.0976,0,0,229.8,
BIKAJI.NS,ok,XGB_HiReg,2 Weeks,0.74,0.9,0.0909,0.1651,0,0,242.1,
BLS.NS,below_threshold,XGB_HiReg,1 Week,0.7127,0.5,0.0,0.0,0,0,218.1,
BSOFT.NS,below_threshold,Ensemble,1 Week,0.7211,0.5714,0.0,0.0,0,0,200.7,
CAMS.NS,ok,Ensemble,3 Months,0.7567,0.6667,0.0533,0.0988,0,0,235.8,
CENTRALBK.NS,ok,XGBoost,2 Weeks,0.7457,0.7778,0.0745,0.1359,0,0,226.9,
CESC.NS,ok,StackEnsemble,2 Weeks,0.7371,0.7143,0.102,0.1786,0,0,187.1,
CHALET.NS,ok,Ensemble,2 Weeks,0.7229,0.7273,0.0784,0.1416,0,0,224.8,
CHENNPETRO.NS,ok,XGBoost,6 Months,0.875,0.875,1.0,0.9333,0,0,211.1,
CIPLA.NS,below_threshold,TabNet,1 Month,0.8059,0.5,0.0,0.0,0,0,210.2,
COALINDIA.NS,ok,XGBoost,2 Weeks,0.7371,0.7,0.0729,0.1321,0,0,226.1,
COLPAL.NS,ok,XGB_HiReg,1 Week,0.7746,0.7,0.0833,0.1489,0,0,220.4,
CRAFTSMAN.NS,ok,StackEnsemble,6 Months,0.8167,0.8167,1.0,0.8991,0,0,216.5,
DLF.NS,ok,Ensemble,1 Month,0.7824,0.7,0.0897,0.1591,0,0,221.4,
ENRIN.NS,no_data,,,0.0,0.0,0.0,0.0,0,0,3.3,
EIHOTEL.NS,ok,StackEnsemble,1 Month,0.8824,0.6667,0.0952,0.1667,0,0,223.1,
EXIDEIND.NS,ok,StackEnsemble,1 Month,0.8471,0.7381,0.6739,0.7045,0,0,214.3,
FIRSTCRY.NS,no_data,,,0.0,0.0,0.0,0.0,0,0,3.6,
FEDERALBNK.NS,ok,StackEnsemble,6 Months,1.0,1.0,1.0,1.0,0,0,226.2,
GICRE.NS,ok,RandForest,1 Week,0.7268,0.6923,0.0882,0.1565,0,0,208.7,
GODREJIND.NS,ok,StackEnsemble,3 Months,0.8533,0.6667,0.087,0.1538,0,0,200.6,
GODREJPROP.NS,ok,XGB_HiReg,2 Months,0.8,0.7123,0.5474,0.619,0,0,219.5,
HEXT.NS,no_data,,,0.0,0.0,0.0,0.0,0,0,3.5,
HCLTECH.NS,ok,RandForest,3 Months,0.7667,0.7143,0.1316,0.2222,0,0,203.6,
HYUNDAI.NS,no_data,,,0.0,0.0,0.0,0.0,0,0,3.8,
HOMEFIRST.NS,ok,StackEnsemble,3 Months,0.9467,0.6667,0.2222,0.3333,0,0,153.6,
ICICIPRULI.NS,ok,RandForest,2 Months,0.725,0.75,0.0652,0.12,0,0,240.6,
IGIL.NS,no_data,,,0.0,0.0,0.0,0.0,0,0,3.7,
IKS.NS,no_data,,,0.0,0.0,0.0,0.0,0,0,3.3,
IDFCFIRSTB.NS,ok,StackEnsemble,1 Month,0.6647,0.8462,0.1667,0.2785,0,0,239.7,
INDIGO.NS,ok,RandForest,2 Months,0.7031,0.75,0.0606,0.1121,0,0,149.1,
INDHOTEL.NS,ok,LGB_HiReg,1 Week,0.7296,0.9091,0.0952,0.1724,0,0,230.5,
IOB.NS,below_threshold,LGB_HiReg,1 Week,0.7437,0.4737,0.0,0.0,0,0,207.8,
INFY.NS,ok,XGBoost,2 Months,0.8,1.0,0.0588,0.1111,0,0,232.1,
IRB.NS,ok,Ensemble,1 Month,0.8,0.8,0.0563,0.1053,0,0,214.8,
IRCON.NS,ok,Ensemble,1 Month,0.7324,0.8571,0.0625,0.1165,0,0,211.6,
ITCHOTELS.NS,no_data,,,0.0,0.0,0.0,0.0,0,0,3.7,
JSWCEMENT.NS,no_data,,,0.0,0.0,0.0,0.0,0,0,2.9,
IRCTC.NS,below_threshold,LightGBM,2 Weeks,0.8057,0.4444,0.0,0.0,0,0,213.7,
JYOTHYLAB.NS,below_threshold,CatBoost,2 Weeks,0.7829,0.2857,0.0,0.0,0,0,231.8,
KIRLOSBROS.NS,ok,StackEnsemble,2 Months,0.8,0.8,0.1143,0.2,0,0,262.0,
KOTAKBANK.NS,ok,StackEnsemble,1 Week,0.7472,0.75,0.0638,0.1176,0,0,266.3,
KPITTECH.NS,ok,RandForest,1 Month,0.7441,0.6,0.0674,0.1212,0,0,214.7,
LICHSGFIN.NS,below_threshold,TabNet,2 Months,0.7781,0.5,0.0,0.0,0,0,228.6,
LODHA.NS,below_threshold,TabNet,1 Week,0.6761,0.5417,0.0,0.0,0,0,214.4,
LUPIN.NS,ok,XGBoost,3 Months,0.78,0.7234,0.3908,0.5075,0,0,196.1,
MANKIND.NS,ok,RandForest,3 Months,0.8533,0.7826,0.3158,0.45,0,0,195.9,
MAPMYINDIA.NS,below_threshold,XGB_HiReg,6 Months,0.9792,0.5,0.0,0.0,0,0,215.5,
MAXHEALTH.NS,ok,RandForest,2 Weeks,0.7257,0.7333,0.1068,0.1864,0,0,222.2,
MEDANTA.NS,ok,StackEnsemble,2 Months,0.85,0.75,0.3,0.4286,0,0,223.0,
NAUKRI.NS,ok,GradBoost,2 Weeks,0.7943,0.8462,0.1358,0.234,0,0,205.1,
NCC.NS,ok,StackEnsemble,2 Months,0.8812,0.75,0.4444,0.5581,0,0,170.4,
NEWGEN.NS,ok,RandForest,1 Month,0.7794,0.8571,0.075,0.1379,0,0,205.6,
NIVABUPA.NS,no_data,,,0.0,0.0,0.0,0.0,0,0,3.9,
NIACL.NS,below_threshold,TabNet,6 Months,0.7875,0.5882,0.0,0.0,0,0,228.5,
NTPCGREEN.NS,no_data,,,0.0,0.0,0.0,0.0,0,0,4.7,
NTPC.NS,below_threshold,StackEnsemble,3 Months,0.58,0.8,0.0,0.0,0,0,204.1,
OLAELEC.NS,no_data,,,0.0,0.0,0.0,0.0,0,0,3.8,
ONESOURCE.NS,no_data,,,0.0,0.0,0.0,0.0,0,0,3.6,
OIL.NS,ok,LightGBM,1 Week,0.7211,0.7895,0.1364,0.2326,0,0,217.4,
ONGC.NS,ok,Ensemble,6 Months,0.8,0.7368,0.6667,0.7,0,0,229.6,
PATANJALI.NS,ok,RandForest,3 Months,0.92,0.6667,0.1538,0.25,0,0,236.2,
PERSISTENT.NS,ok,Ensemble,3 Months,0.6767,0.7778,0.0686,0.1261,0,0,224.9,
PGEL.NS,ok,XGBoost,1 Month,0.7029,0.7,0.0667,0.1217,0,0,230.6,
PGHH.NS,below_threshold,XGBoost,2 Months,0.9313,0.5,0.0,0.0,0,0,221.0,
PHOENIXLTD.NS,ok,StackEnsemble,1 Week,0.6404,1.0,0.0588,0.1111,0,0,234.5,
PREMIERENE.NS,no_data,,,0.0,0.0,0.0,0.0,0,0,3.8,
POWERGRID.NS,ok,LGB_HiReg,2 Weeks,0.7914,0.8333,0.0649,0.1205,0,0,213.6,
RECLTD.NS,ok,StackEnsemble,1 Week,0.7472,0.6,0.0652,0.1176,0,0,196.6,
SAGILITY.NS,no_data,,,0.0,0.0,0.0,0.0,0,0,3.6,
SAILIFE.NS,no_data,,,0.0,0.0,0.0,0.0,0,0,3.2,
RVNL.NS,below_threshold,Ensemble,2 Months,0.7969,0.5714,0.0,0.0,0,0,217.3,
SHREECEM.NS,ok,XGB_HiReg,1 Week,0.7549,0.7143,0.0556,0.1031,0,0,215.6,
SJVN.NS,below_threshold,LightGBM,1 Week,0.7465,0.5556,0.0,0.0,0,0,205.3,
SUNDRMFAST.NS,ok,XGB_HiReg,2 Months,0.8746,0.75,0.4655,0.5745,0,0,248.9,
SUNPHARMA.NS,ok,LGB_HiReg,2 Weeks,0.78,0.8125,0.1494,0.2524,0,0,240.9,
SWIGGY.NS,no_data,,,0.0,0.0,0.0,0.0,0,0,3.8,
SUNTV.NS,below_threshold,CatBoost,1 Week,0.7549,0.5556,0.0,0.0,0,0,247.1,
TATAPOWER.NS,ok,CatBoost,1 Week,0.6901,0.8,0.069,0.127,0,0,240.9,
TATATECH.NS,ok,XGB_HiReg,1 Week,0.7099,0.7333,0.1,0.176,0,0,151.5,
THELEELA.NS,no_data,,,0.0,0.0,0.0,0.0,0,0,3.5,
TCS.NS,ok,LGB_HiReg,2 Months,0.8844,0.6667,0.0526,0.0976,0,0,213.5,
TMPV.NS,ok,RandForest,1 Week,0.6592,0.7,0.056,0.1037,0,0,229.5,
TRIVENI.NS,ok,RandForest,1 Month,0.6824,0.8182,0.0783,0.1429,0,0,227.8,
UBL.NS,ok,XGBoost,3 Months,0.9567,0.6,0.2143,0.3158,0,0,228.0,
UNITDSPR.NS,ok,CatBoost,1 Week,0.7352,0.7273,0.0808,0.1455,0,0,235.4,
VENTIVE.NS,no_data,,,0.0,0.0,0.0,0.0,0,0,3.8,
VMM.NS,no_data,,,0.0,0.0,0.0,0.0,0,0,3.4,
WAAREEENER.NS,no_data,,,0.0,0.0,0.0,0.0,0,0,3.3,
VBL.NS,ok,StackEnsemble,2 Months,0.625,1.0,0.0769,0.1429,0,0,220.0,
20260620_111033,ABLBL.NS,no_data,,,0.0,0.0,0.0,0.0,0,0,7.1,False,
20260620_111033,ACMESOLAR.NS,no_data,,,0.0,0.0,0.0,0.0,0,0,7.6,False,
20260620_111033,AEGISVOPAK.NS,no_data,,,0.0,0.0,0.0,0.0,0,0,3.3,False,
20260620_111033,AFCONS.NS,no_data,,,0.0,0.0,0.0,0.0,0,0,3.5,False,
20260620_111033,AGARWALEYE.NS,no_data,,,0.0,0.0,0.0,0.0,0,0,3.4,False,
20260620_111033,ATHERENERG.NS,no_data,,,0.0,0.0,0.0,0.0,0,0,3.4,False,
20260620_111033,BAJAJHFL.NS,no_data,,,0.0,0.0,0.0,0.0,0,0,3.5,False,
20260620_111033,BHARTIHEXA.NS,ok,Ensemble,2 Weeks,0.6969,0.7273,0.0714,0.1301,0,0,31.8,False,
,360ONE.NS,ok,XGBoost,6 Months,0.8765,0.8667,0.5,0.6341,0,0,134.4,True,
,3MINDIA.NS,ok,StackEnsemble,6 Months,0.6475,1.0,0.2586,0.411,0,0,138.4,False,
,AADHARHFC.NS,ok,RandForest,6 Months,0.7407,0.8684,0.3626,0.5116,0,0,23.4,False,
,AARTIIND.NS,ok,Ensemble,2 Weeks,0.7025,0.9286,0.1111,0.1985,0,0,127.0,False,
,AAVAS.NS,ok,RandForest,6 Months,0.9218,0.75,0.1429,0.24,0,0,92.3,False,
,ABB.NS,ok,XGBoost,3 Months,0.7162,0.7363,0.5194,0.6091,0,0,140.2,False,
,ABLBL.NS,no_data,,,0.0,0.0,0.0,0.0,0,0,0.2,False,
,ACMESOLAR.NS,no_data,,,0.0,0.0,0.0,0.0,0,0,0.3,False,
,AEGISVOPAK.NS,no_data,,,0.0,0.0,0.0,0.0,0,0,0.2,False,
,AFCONS.NS,no_data,,,0.0,0.0,0.0,0.0,0,0,0.3,False,
,AGARWALEYE.NS,no_data,,,0.0,0.0,0.0,0.0,0,0,0.3,False,
,ABBOTINDIA.NS,ok,Ensemble,2 Months,0.7988,0.7,0.1014,0.1772,0,0,143.8,False,
,360ONE.NS,ok,XGBoost,6 Months,0.8765,0.8667,0.5,0.6341,0,0,139.0,True,
,3MINDIA.NS,ok,StackEnsemble,6 Months,0.6475,1.0,0.2586,0.411,0,0,139.7,False,
,AADHARHFC.NS,ok,RandForest,6 Months,0.7407,0.8684,0.3626,0.5116,0,0,23.3,False,
,360ONE.NS,ok,XGBoost,6 Months,0.8765,0.8667,0.5,0.6341,0,0,118.5,True,
,3MINDIA.NS,ok,StackEnsemble,6 Months,0.6475,1.0,0.2586,0.411,0,0,124.6,False,
,AADHARHFC.NS,ok,RandForest,6 Months,0.7407,0.8684,0.3626,0.5116,0,0,21.3,False,
,360ONE.NS,ok,XGBoost,6 Months,0.8765,0.8667,0.5,0.6341,0,0,126.2,True,
,3MINDIA.NS,ok,StackEnsemble,6 Months,0.6475,1.0,0.2586,0.411,0,0,123.4,False,
,AADHARHFC.NS,ok,RandForest,6 Months,0.7407,0.8684,0.3626,0.5116,0,0,21.1,False,
,AARTIIND.NS,ok,Ensemble,2 Weeks,0.7025,0.9286,0.1111,0.1985,0,0,111.3,False,
,AAVAS.NS,ok,RandForest,6 Months,0.9218,0.75,0.1429,0.24,0,0,82.5,False,
,ABB.NS,ok,XGBoost,3 Months,0.7162,0.7363,0.5194,0.6091,0,0,121.1,False,
,ABBOTINDIA.NS,ok,Ensemble,2 Months,0.7988,0.7,0.1014,0.1772,0,0,117.9,False,
,ABCAPITAL.NS,ok,TabNet,6 Months,0.7119,0.8173,0.8256,0.8214,0,0,117.8,False,
,ABFRL.NS,ok,StackEnsemble,2 Months,0.9321,0.6471,0.6875,0.6667,0,0,107.9,False,
,ABLBL.NS,no_data,,,0.0,0.0,0.0,0.0,0,0,0.2,False,
,ABREL.NS,ok,Ensemble,1 Month,0.7172,0.7,0.0693,0.1261,0,0,111.7,False,
,ABSLAMC.NS,ok,StackEnsemble,2 Weeks,0.6441,0.88,0.2683,0.4112,0,0,121.7,False,
,ACC.NS,below_threshold,CatBoost,1 Month,0.8513,0.4444,0.0,0.0,0,0,116.5,False,
,ACE.NS,ok,Ensemble,1 Week,0.7095,0.619,0.1193,0.2,0,0,111.0,False,
,ACMESOLAR.NS,no_data,,,0.0,0.0,0.0,0.0,0,0,0.2,False,
,ADANIENSOL.NS,ok,StackEnsemble,6 Months,0.8525,0.8525,1.0,0.9204,0,0,120.6,False,
,ADANIENT.NS,ok,LGB_HiReg,3 Months,0.7162,0.9,0.0957,0.1731,0,0,122.4,False,
,ADANIGREEN.NS,ok,GradBoost,3 Months,0.7492,0.7778,0.5207,0.6238,0,0,119.3,False,
,ADANIPORTS.NS,ok,XGBoost,1 Week,0.6704,1.0,0.056,0.1061,0,0,123.8,False,
,ADANIPOWER.NS,ok,XGBoost,6 Months,0.8189,0.8189,1.0,0.9005,0,0,131.8,True,
,AEGISLOG.NS,ok,XGBoost,3 Months,0.8053,0.7857,0.1642,0.2716,0,0,122.9,False,
,AEGISVOPAK.NS,no_data,,,0.0,0.0,0.0,0.0,0,0,0.2,False,
,AFCONS.NS,no_data,,,0.0,0.0,0.0,0.0,0,0,0.2,False,
,AFFLE.NS,ok,Ensemble,6 Months,0.8395,0.7049,0.9663,0.8152,0,0,126.6,False,
,AGARWALEYE.NS,no_data,,,0.0,0.0,0.0,0.0,0,0,0.2,False,
,AIAENG.NS,ok,CatBoost,1 Month,0.6443,1.0,0.1029,0.1867,0,0,128.5,False,
,AIIL.NS,ok,RandForest,6 Months,0.7078,0.8493,0.5082,0.6359,0,0,23.1,True,
,AJANTPHARM.NS,ok,XGB_HiReg,6 Months,0.8765,0.7736,0.9318,0.8454,0,0,117.5,False,
,AKUMS.NS,ok,LGB_HiReg,2 Weeks,0.6884,0.8889,0.0684,0.127,0,0,13.8,False,
,AKZOINDIA.NS,ok,RandForest,2 Months,0.7957,0.8,0.058,0.1081,0,0,129.8,False,
,ALKEM.NS,ok,RandForest,6 Months,0.6379,1.0,0.0638,0.12,0,0,126.9,False,
,ALKYLAMINE.NS,ok,XGB_HiReg,6 Months,0.8683,0.9661,0.6552,0.7808,0,0,122.7,False,
,ALOKINDS.NS,below_threshold,LightGBM,1 Month,0.7784,0.5714,0.0,0.0,0,0,128.4,False,
,AMBER.NS,ok,XGB_HiReg,1 Month,0.6414,0.7333,0.0846,0.1517,0,0,135.7,False,
,AMBUJACEM.NS,ok,TabNet,2 Weeks,0.7507,0.6667,0.1075,0.1852,0,0,128.7,False,
,ANANDRATHI.NS,ok,RandForest,2 Weeks,0.6261,1.0,0.0833,0.1538,0,0,132.7,True,
,ANANTRAJ.NS,ok,XGBoost,2 Weeks,0.6799,0.6,0.0522,0.096,0,0,112.4,False,
,ANGELONE.NS,ok,GradBoost,2 Months,0.7245,0.7045,0.6503,0.6764,0,0,131.1,True,
,APARINDS.NS,ok,XGBoost,6 Months,0.7078,0.7124,0.9641,0.8193,0,0,125.8,False,
,APLAPOLLO.NS,ok,GradBoost,3 Months,0.7492,0.8247,0.5755,0.678,0,0,128.9,False,
,APLLTD.NS,ok,Ensemble,6 Months,0.93,0.7727,0.5862,0.6667,0,0,94.8,False,
,360ONE.NS,ok,XGBoost,6 Months,0.8765,0.8667,0.5,0.6341,0,0,122.7,True,
,3MINDIA.NS,ok,StackEnsemble,6 Months,0.6475,1.0,0.2586,0.411,0,0,123.8,False,
,AADHARHFC.NS,ok,RandForest,6 Months,0.7407,0.8684,0.3626,0.5116,0,0,21.0,False,
,AARTIIND.NS,ok,Ensemble,2 Weeks,0.7025,0.9286,0.1111,0.1985,0,0,114.0,False,
,360ONE.NS,error,,,0.0,0.0,0.0,0.0,0,0,123.4,False,name 'logger' is not defined
,3MINDIA.NS,error,,,0.0,0.0,0.0,0.0,0,0,123.7,False,name 'logger' is not defined
,AADHARHFC.NS,error,,,0.0,0.0,0.0,0.0,0,0,20.3,False,name 'logger' is not defined
,AARTIIND.NS,ok,Ensemble,2 Weeks,0.7025,0.9286,0.1111,0.1985,0,0,113.9,False,
,AAVAS.NS,error,,,0.0,0.0,0.0,0.0,0,0,83.7,False,name 'logger' is not defined
,ABB.NS,error,,,0.0,0.0,0.0,0.0,0,0,118.9,False,name 'logger' is not defined
,ABBOTINDIA.NS,error,,,0.0,0.0,0.0,0.0,0,0,119.8,False,name 'logger' is not defined
,ABCAPITAL.NS,error,,,0.0,0.0,0.0,0.0,0,0,115.8,False,name 'logger' is not defined
,ABFRL.NS,error,,,0.0,0.0,0.0,0.0,0,0,106.4,False,name 'logger' is not defined
,ABLBL.NS,no_data,,,0.0,0.0,0.0,0.0,0,0,0.2,False,
,ABREL.NS,error,,,0.0,0.0,0.0,0.0,0,0,112.7,False,name 'logger' is not defined
,360ONE.NS,ok,XGBoost,6 Months,0.8765,0.8667,0.5,0.6341,0,0,127.3,True,
,3MINDIA.NS,ok,StackEnsemble,6 Months,0.6475,1.0,0.2586,0.411,0,0,130.1,False,
,AADHARHFC.NS,ok,RandForest,6 Months,0.7407,0.8684,0.3626,0.5116,0,0,20.7,False,
,AARTIIND.NS,ok,Ensemble,2 Weeks,0.7025,0.9286,0.1111,0.1985,0,0,119.2,False,
,AAVAS.NS,ok,RandForest,6 Months,0.9218,0.75,0.1429,0.24,0,0,92.3,False,
,ABB.NS,ok,XGBoost,3 Months,0.7162,0.7363,0.5194,0.6091,0,0,122.4,False,
,ABBOTINDIA.NS,ok,Ensemble,2 Months,0.7988,0.7,0.1014,0.1772,0,0,122.4,False,
,ABCAPITAL.NS,ok,TabNet,6 Months,0.7119,0.8173,0.8256,0.8214,0,0,116.5,False,
,ABFRL.NS,ok,StackEnsemble,2 Months,0.9321,0.6471,0.6875,0.6667,0,0,107.6,False,
,ABLBL.NS,no_data,,,0.0,0.0,0.0,0.0,0,0,0.3,False,
,ABREL.NS,ok,Ensemble,1 Month,0.7172,0.7,0.0693,0.1261,0,0,109.9,False,
,ABSLAMC.NS,ok,StackEnsemble,2 Weeks,0.6441,0.88,0.2683,0.4112,0,0,127.3,False,
,ACC.NS,below_threshold,CatBoost,1 Month,0.8513,0.4444,0.0,0.0,0,0,122.4,False,
,ACE.NS,ok,Ensemble,1 Week,0.7095,0.619,0.1193,0.2,0,0,112.8,False,
,ACMESOLAR.NS,no_data,,,0.0,0.0,0.0,0.0,0,0,0.4,False,
,ADANIENSOL.NS,ok,StackEnsemble,6 Months,0.8525,0.8525,1.0,0.9204,0,0,115.9,False,
,ADANIENT.NS,ok,LGB_HiReg,3 Months,0.7162,0.9,0.0957,0.1731,0,0,115.5,False,
,ADANIGREEN.NS,ok,GradBoost,3 Months,0.7492,0.7778,0.5207,0.6238,0,0,112.9,False,
,ADANIPORTS.NS,ok,XGBoost,1 Week,0.6704,1.0,0.056,0.1061,0,0,116.9,False,
,ADANIPOWER.NS,ok,XGBoost,6 Months,0.8189,0.8189,1.0,0.9005,0,0,123.2,True,
,AEGISLOG.NS,ok,XGBoost,3 Months,0.8053,0.7857,0.1642,0.2716,0,0,113.8,False,
,AEGISVOPAK.NS,no_data,,,0.0,0.0,0.0,0.0,0,0,0.2,False,
,AFCONS.NS,no_data,,,0.0,0.0,0.0,0.0,0,0,0.2,False,
,AFFLE.NS,ok,Ensemble,6 Months,0.8395,0.7049,0.9663,0.8152,0,0,118.8,False,
,AGARWALEYE.NS,no_data,,,0.0,0.0,0.0,0.0,0,0,0.2,False,
,AIAENG.NS,ok,CatBoost,1 Month,0.6443,1.0,0.1029,0.1867,0,0,120.2,False,
,AIIL.NS,ok,RandForest,6 Months,0.7078,0.8493,0.5082,0.6359,0,0,22.0,True,
,AJANTPHARM.NS,ok,XGB_HiReg,6 Months,0.8765,0.7736,0.9318,0.8454,0,0,111.4,False,
,AKUMS.NS,ok,LGB_HiReg,2 Weeks,0.6884,0.8889,0.0684,0.127,0,0,13.6,False,
,AKZOINDIA.NS,ok,RandForest,2 Months,0.7957,0.8,0.058,0.1081,0,0,121.0,False,
,ALKEM.NS,ok,RandForest,6 Months,0.6379,1.0,0.0638,0.12,0,0,119.6,False,
,ALKYLAMINE.NS,ok,XGB_HiReg,6 Months,0.8683,0.9661,0.6552,0.7808,0,0,116.6,False,
,ALOKINDS.NS,below_threshold,LightGBM,1 Month,0.7784,0.5714,0.0,0.0,0,0,145.5,False,
,AMBER.NS,ok,XGB_HiReg,1 Month,0.6414,0.7333,0.0846,0.1517,0,0,130.7,False,
,AMBUJACEM.NS,ok,TabNet,2 Weeks,0.7507,0.6667,0.1075,0.1852,0,0,133.8,False,
,ANANDRATHI.NS,ok,RandForest,2 Weeks,0.6261,1.0,0.0833,0.1538,0,0,135.3,True,
,ANANTRAJ.NS,ok,XGBoost,2 Weeks,0.6799,0.6,0.0522,0.096,0,0,120.3,False,
,ANGELONE.NS,ok,GradBoost,2 Months,0.7245,0.7045,0.6503,0.6764,0,0,144.3,True,
,APARINDS.NS,ok,XGBoost,6 Months,0.7078,0.7124,0.9641,0.8193,0,0,147.8,False,
,APLAPOLLO.NS,ok,GradBoost,3 Months,0.7492,0.8247,0.5755,0.678,0,0,140.3,False,
,APLLTD.NS,ok,Ensemble,6 Months,0.93,0.7727,0.5862,0.6667,0,0,101.0,False,
,APOLLOHOSP.NS,ok,XGBoost,2 Weeks,0.711,0.7778,0.125,0.2154,0,0,136.9,False,
,APOLLOTYRE.NS,ok,RandForest,6 Months,0.7037,1.0,0.1,0.1818,0,0,143.7,False,
,APTUS.NS,ok,StackEnsemble,3 Months,0.9013,0.75,0.1765,0.2857,0,0,144.4,False,
,ARE&M.NS,ok,StackEnsemble,2 Weeks,0.8531,0.7143,0.1724,0.2778,0,0,135.8,False,
,ASAHIINDIA.NS,ok,XGBoost,6 Months,0.8272,0.9756,0.7547,0.8511,0,0,148.9,False,
,ASHOKLEY.NS,ok,StackEnsemble,6 Months,0.7541,0.7541,1.0,0.8598,0,0,142.2,True,
,ASIANPAINT.NS,below_threshold,StackEnsemble,2 Months,0.5617,1.0,0.0,0.0,0,0,139.8,False,
,ASTERDM.NS,ok,GradBoost,3 Months,0.703,0.8797,0.6126,0.7222,0,0,143.2,False,
,ASTRAL.NS,ok,LGB_HiReg,2 Months,0.7461,0.7273,0.3137,0.4384,0,0,146.6,True,
,ASTRAZEN.NS,ok,Ensemble,2 Months,0.6935,0.8,0.1111,0.1951,0,0,144.0,False,
,ATGL.NS,ok,LGB_HiReg,6 Months,0.93,0.8,0.3478,0.4848,0,0,128.8,False,
,ATHERENERG.NS,no_data,,,0.0,0.0,0.0,0.0,0,0,0.2,False,
,ATUL.NS,ok,StackEnsemble,6 Months,0.8443,0.7308,0.8837,0.8,0,0,101.7,False,
,AUBANK.NS,ok,TabNet,6 Months,0.7737,0.9055,0.8349,0.8687,0,0,141.1,False,
,AUROPHARMA.NS,ok,RandForest,6 Months,0.6667,1.0,0.1099,0.198,0,0,140.7,False,
,AWL.NS,ok,XGB_HiReg,3 Months,0.9142,0.75,0.2,0.3158,0,0,130.4,False,
,AXISBANK.NS,ok,XGB_HiReg,6 Months,0.786,0.7164,0.5926,0.6486,0,0,146.7,False,
,BAJAJ-AUTO.NS,ok,StackEnsemble,1 Week,0.7095,0.8333,0.0893,0.1613,0,0,128.8,False,
,BAJAJFINSV.NS,ok,GradBoost,6 Months,0.8807,0.75,0.1818,0.2927,0,0,145.2,False,
,BAJAJHFL.NS,no_data,,,0.0,0.0,0.0,0.0,0,0,0.2,False,
,BAJAJHLDNG.NS,below_threshold,Ensemble,1 Week,0.662,0.4615,0.0,0.0,0,0,153.2,False,
,BAJFINANCE.NS,ok,GradBoost,2 Months,0.709,1.0,0.0784,0.1455,0,0,125.5,True,
,BALKRISIND.NS,below_threshold,RandForest,1 Month,0.758,0.5897,0.0,0.0,0,0,134.1,False,
,BALRAMCHIN.NS,ok,StackEnsemble,6 Months,0.8197,0.7436,0.7073,0.725,0,0,98.7,False,
,BANDHANBNK.NS,ok,GradBoost,6 Months,0.6708,1.0,0.2157,0.3548,0,0,128.5,False,
,BANKBARODA.NS,ok,StackEnsemble,1 Month,0.6163,0.8889,0.1096,0.1951,0,0,132.4,False,
,BANKINDIA.NS,ok,CatBoost,2 Months,0.7554,0.8,0.6358,0.7085,0,0,131.9,False,
,BASF.NS,ok,Ensemble,2 Months,0.8421,0.7273,0.2623,0.3855,0,0,136.8,False,
,BATAINDIA.NS,ok,CatBoost,1 Month,0.863,0.75,0.0612,0.1132,0,0,130.8,False,
,BAYERCROP.NS,ok,XGBoost,1 Month,0.7843,0.8889,0.0988,0.1778,0,0,119.2,False,
,BBTC.NS,ok,RandForest,2 Weeks,0.762,0.6667,0.069,0.125,0,0,96.4,False,
,BDL.NS,ok,RandForest,1 Week,0.6592,0.7778,0.0551,0.1029,0,0,99.9,True,
,BEL.NS,ok,StackEnsemble,1 Month,0.6802,1.0,0.0833,0.1538,0,0,123.0,False,
,BEML.NS,ok,LightGBM,6 Months,0.8807,0.9155,0.7386,0.8176,0,0,151.5,True,
,BERGEPAINT.NS,ok,GradBoost,3 Months,0.9439,0.9592,0.8785,0.9171,0,0,152.8,True,
,BHARATFORG.NS,ok,StackEnsemble,6 Months,0.7705,0.9894,0.775,0.8692,0,0,194.6,False,
,360ONE.NS,ok,XGBoost,6 Months,0.8765,0.8667,0.5,0.6341,0,0,200.0,True,
,BHARTIARTL.NS,ok,Ensemble,3 Months,0.637,0.875,0.0603,0.1129,0,0,189.7,False,
,3MINDIA.NS,ok,StackEnsemble,6 Months,0.6475,1.0,0.2586,0.411,0,0,194.9,False,
,BHARTIHEXA.NS,ok,Ensemble,2 Weeks,0.6997,0.8,0.0714,0.1311,0,0,34.0,False,
,AADHARHFC.NS,ok,RandForest,6 Months,0.7407,0.8684,0.3626,0.5116,0,0,31.8,False,
,BHEL.NS,ok,StackEnsemble,6 Months,0.7295,0.7295,1.0,0.8436,0,0,237.0,False,
,AARTIIND.NS,ok,Ensemble,2 Weeks,0.7025,0.9286,0.1111,0.1985,0,0,220.0,False,
,AAVAS.NS,ok,RandForest,6 Months,0.9218,0.75,0.1429,0.24,0,0,139.7,False,
,BIKAJI.NS,ok,StackEnsemble,1 Month,0.8081,0.6667,0.0588,0.1081,0,0,204.3,False,
,ABB.NS,ok,XGBoost,3 Months,0.7162,0.7363,0.5194,0.6091,0,0,204.9,False,
,BIOCON.NS,ok,StackEnsemble,2 Months,0.7778,0.8372,0.5538,0.6667,0,0,207.2,False,
,ABBOTINDIA.NS,ok,Ensemble,2 Months,0.7988,0.7,0.1014,0.1772,0,0,191.0,False,
,BLS.NS,below_threshold,TabNet,1 Week,0.7123,0.5714,0.0,0.0,0,0,190.3,False,
,ABCAPITAL.NS,ok,TabNet,6 Months,0.7119,0.8173,0.8256,0.8214,0,0,193.0,False,
,BLUEDART.NS,ok,RandForest,2 Months,0.8669,0.7692,0.2,0.3175,0,0,191.2,False,
,ABFRL.NS,ok,StackEnsemble,2 Months,0.9321,0.6471,0.6875,0.6667,0,0,182.3,False,
,ABLBL.NS,no_data,,,0.0,0.0,0.0,0.0,0,0,0.5,False,
,BLUEJET.NS,ok,XGB_HiReg,3 Months,0.7492,0.8571,0.0741,0.1364,0,0,153.7,False,
,ABREL.NS,ok,Ensemble,1 Month,0.7172,0.7,0.0693,0.1261,0,0,182.9,False,
,BLUESTARCO.NS,ok,XGB_HiReg,6 Months,0.9177,0.8261,0.5429,0.6552,0,0,213.2,True,
,ABSLAMC.NS,ok,StackEnsemble,2 Weeks,0.6441,0.88,0.2683,0.4112,0,0,198.8,False,
,BOSCHLTD.NS,ok,Ensemble,2 Weeks,0.7139,0.8,0.0748,0.1368,0,0,190.9,False,
,ACC.NS,below_threshold,CatBoost,1 Month,0.8513,0.4444,0.0,0.0,0,0,199.5,False,
,BPCL.NS,ok,RandForest,6 Months,0.6872,1.0,0.4795,0.6481,0,0,201.2,True,
,ACE.NS,ok,Ensemble,1 Week,0.7095,0.619,0.1193,0.2,0,0,185.7,False,
,ACMESOLAR.NS,no_data,,,0.0,0.0,0.0,0.0,0,0,0.7,False,
,BRIGADE.NS,ok,RandForest,3 Months,0.868,0.75,0.3,0.4286,0,0,195.2,True,
,ADANIENSOL.NS,ok,StackEnsemble,6 Months,0.8525,0.8525,1.0,0.9204,0,0,176.8,False,
,BRITANNIA.NS,ok,XGBoost,6 Months,0.8848,0.8529,0.7632,0.8056,0,0,177.5,False,
,ADANIENT.NS,ok,LGB_HiReg,3 Months,0.7162,0.9,0.0957,0.1731,0,0,179.8,False,
,BSE.NS,ok,StackEnsemble,6 Months,0.8279,0.8279,1.0,0.9058,0,0,203.5,True,
,ADANIGREEN.NS,ok,GradBoost,3 Months,0.7492,0.7778,0.5207,0.6238,0,0,187.2,False,
,BSOFT.NS,below_threshold,XGB_HiReg,1 Month,0.758,0.5517,0.0,0.0,0,0,195.0,False,
,ADANIPORTS.NS,ok,XGBoost,1 Week,0.6704,1.0,0.056,0.1061,0,0,197.1,False,
,CAMPUS.NS,ok,GradBoost,3 Months,0.8977,0.7857,0.4681,0.5867,0,0,162.2,False,
,ADANIPOWER.NS,ok,XGBoost,6 Months,0.8189,0.8189,1.0,0.9005,0,0,201.4,True,
,CAMS.NS,ok,RandForest,2 Months,0.7028,0.8333,0.05,0.0943,0,0,203.5,True,
,AEGISLOG.NS,ok,XGBoost,3 Months,0.8053,0.7857,0.1642,0.2716,0,0,201.6,False,
,AEGISVOPAK.NS,no_data,,,0.0,0.0,0.0,0.0,0,0,0.2,False,
,AFCONS.NS,no_data,,,0.0,0.0,0.0,0.0,0,0,0.3,False,
,CANBK.NS,ok,RandForest,2 Months,0.6006,1.0,0.0851,0.1569,0,0,221.7,True,
,AFFLE.NS,ok,Ensemble,6 Months,0.8395,0.7049,0.9663,0.8152,0,0,201.4,False,
,AGARWALEYE.NS,no_data,,,0.0,0.0,0.0,0.0,0,0,0.3,False,
,CANFINHOME.NS,ok,RandForest,6 Months,0.6955,0.934,0.5964,0.7279,0,0,197.7,False,
,AIAENG.NS,ok,CatBoost,1 Month,0.6443,1.0,0.1029,0.1867,0,0,200.3,False,
,AIIL.NS,ok,RandForest,6 Months,0.7078,0.8493,0.5082,0.6359,0,0,39.7,True,
,CAPLIPOINT.NS,ok,Ensemble,1 Month,0.7143,0.7273,0.0777,0.1404,0,0,207.6,False,
,CARBORUNIV.NS,ok,Ensemble,3 Months,0.8779,0.7674,0.55,0.6408,0,0,177.4,False,
,CASTROLIND.NS,ok,Ensemble,3 Months,0.8779,0.7143,0.125,0.2128,0,0,131.9,False,
,CCL.NS,ok,TabNet,6 Months,0.716,0.861,0.7892,0.8235,0,0,132.4,False,
,CDSL.NS,ok,CatBoost,6 Months,0.8148,0.9167,0.5176,0.6617,0,0,142.7,True,
,CEATLTD.NS,ok,StackEnsemble,6 Months,0.877,0.75,0.6667,0.7059,0,0,138.4,False,
,CENTRALBK.NS,ok,XGBoost,2 Weeks,0.7365,0.75,0.0619,0.1143,0,0,133.8,False,
,CENTURYPLY.NS,ok,StackEnsemble,1 Month,0.7558,0.7241,0.3818,0.5,0,0,109.6,False,
,CERA.NS,ok,StackEnsemble,3 Months,0.8224,0.7333,0.3235,0.449,0,0,140.9,False,
,CESC.NS,ok,StackEnsemble,3 Months,0.6579,1.0,0.0545,0.1034,0,0,130.8,False,
,CGCL.NS,ok,StackEnsemble,3 Months,0.8289,0.8462,0.3143,0.4583,0,0,142.5,True,
,CGPOWER.NS,ok,GradBoost,2 Weeks,0.6686,0.8889,0.0645,0.1203,0,0,134.7,False,
,CHALET.NS,ok,TabNet,3 Months,0.6964,0.6,0.0638,0.1154,0,0,127.1,False,
,CHAMBLFERT.NS,ok,TabNet,3 Months,0.8383,0.75,0.0588,0.1091,0,0,121.0,False,
,CHENNPETRO.NS,ok,XGB_HiReg,6 Months,0.8765,0.8765,1.0,0.9342,0,0,117.2,False,
,CHOICEIN.NS,ok,CatBoost,3 Months,0.868,0.9113,0.7958,0.8496,0,0,118.0,True,
,CHOLAFIN.NS,ok,StackEnsemble,1 Month,0.7093,0.8,0.0755,0.1379,0,0,119.4,False,
,CHOLAHLDNG.NS,ok,XGBoost,6 Months,0.8683,0.74,0.6607,0.6981,0,0,129.0,False,
,CIPLA.NS,below_threshold,TabNet,1 Week,0.7654,0.4483,0.0,0.0,0,0,137.0,False,
,CLEAN.NS,below_threshold,XGBoost,1 Week,0.7318,0.5556,0.0,0.0,0,0,134.3,False,
,COALINDIA.NS,ok,XGB_HiReg,3 Months,0.7096,1.0,0.1111,0.2,0,0,154.9,False,
,COCHINSHIP.NS,ok,LGB_HiReg,3 Months,0.8317,1.0,0.3704,0.5405,0,0,150.3,True,
,COFORGE.NS,ok,RandForest,6 Months,0.8148,0.7778,0.14,0.2373,0,0,152.7,True,
,COHANCE.NS,ok,Ensemble,1 Week,0.7905,0.8333,0.0633,0.1176,0,0,124.1,False,
,COLPAL.NS,ok,XGB_HiReg,1 Week,0.7737,0.7143,0.0595,0.1099,0,0,124.3,False,
,CONCOR.NS,ok,TabNet,1 Month,0.7988,0.6,0.0845,0.1481,0,0,137.2,True,
,CONCORDBIO.NS,ok,XGBoost,1 Week,0.7067,0.8,0.0721,0.1322,0,0,117.5,False,
,COROMANDEL.NS,ok,StackEnsemble,1 Month,0.7849,0.75,0.1463,0.2449,0,0,194.8,False,
,CRAFTSMAN.NS,ok,StackEnsemble,6 Months,0.8197,0.8197,1.0,0.9009,0,0,142.2,False,
,CREDITACC.NS,ok,RandForest,2 Weeks,0.6459,1.0,0.0942,0.1722,0,0,141.1,False,
,CRISIL.NS,ok,LGB_HiReg,6 Months,0.9383,0.7714,0.7941,0.7826,0,0,137.1,False,
,CROMPTON.NS,ok,XGB_HiReg,3 Months,0.8944,0.7857,0.275,0.4074,0,0,127.7,False,
,CUB.NS,ok,TabNet,6 Months,0.749,0.8836,0.8107,0.8456,0,0,141.6,True,
,CUMMINSIND.NS,ok,StackEnsemble,6 Months,0.9754,0.9754,1.0,0.9876,0,0,145.5,False,
,CYIENT.NS,ok,CatBoost,1 Week,0.7291,0.6875,0.1068,0.1849,0,0,138.6,False,
,DABUR.NS,ok,XGB_HiReg,2 Months,0.839,1.0,0.1034,0.1875,0,0,128.1,False,
,DALBHARAT.NS,ok,StackEnsemble,1 Week,0.7765,0.7143,0.1163,0.2,0,0,77.4,False,
,DATAPATTNS.NS,ok,XGB_HiReg,6 Months,0.8971,0.9112,0.939,0.9249,0,0,132.1,False,
,DBREALTY.NS,ok,LGB_HiReg,6 Months,0.7778,0.8,0.0702,0.129,0,0,135.8,False,
,DCMSHRIRAM.NS,ok,StackEnsemble,2 Months,0.8519,0.75,0.2143,0.3333,0,0,135.6,False,
,DEEPAKFERT.NS,ok,StackEnsemble,1 Month,0.7849,0.7931,0.4259,0.5542,0,0,128.0,False,
,DEEPAKNTR.NS,ok,Ensemble,3 Months,0.8812,0.8,0.1905,0.3077,0,0,133.3,False,
,DELHIVERY.NS,below_threshold,XGB_HiReg,2 Months,0.5944,0.8846,0.0,0.0,0,0,125.7,False,
,DEVYANI.NS,ok,XGB_HiReg,6 Months,0.9671,0.7407,0.9524,0.8333,0,0,136.1,False,
,DIVISLAB.NS,ok,StackEnsemble,3 Months,0.7697,0.7143,0.3409,0.4615,0,0,134.3,False,
,DIXON.NS,ok,StackEnsemble,2 Weeks,0.8079,0.6667,0.2564,0.3704,0,0,124.7,False,
,DLF.NS,ok,XGB_HiReg,1 Month,0.7843,0.7692,0.1235,0.2128,0,0,123.7,False,
,DMART.NS,ok,StackEnsemble,1 Month,0.8663,0.8235,0.4118,0.549,0,0,141.3,False,
,DOMS.NS,ok,RandForest,2 Weeks,0.7479,0.75,0.0645,0.1188,0,0,113.3,False,
,DRREDDY.NS,ok,LGB_HiReg,6 Months,0.9218,0.7619,0.5333,0.6275,0,0,133.8,True,
,ECLERX.NS,ok,XGB_HiReg,6 Months,0.7737,0.9885,0.6143,0.7577,0,0,123.1,True,
,EICHERMOT.NS,ok,XGB_HiReg,6 Months,0.7901,0.9206,0.7389,0.8198,0,0,122.3,False,
,EIDPARRY.NS,ok,XGB_HiReg,6 Months,0.7778,0.7093,0.6778,0.6932,0,0,120.6,False,
,EIHOTEL.NS,ok,CatBoost,2 Weeks,0.7564,0.6296,0.1828,0.2833,0,0,115.3,False,
,ELECON.NS,ok,LightGBM,3 Months,0.8812,0.7313,1.0,0.8448,0,0,125.8,True,
,ELGIEQUIP.NS,ok,StackEnsemble,3 Months,0.8618,0.7561,0.7381,0.747,0,0,117.7,False,
,EMAMILTD.NS,ok,RandForest,1 Week,0.7346,0.6667,0.0612,0.1121,0,0,130.2,False,
,EMCURE.NS,ok,StackEnsemble,2 Weeks,0.6384,0.7778,0.1014,0.1795,0,0,15.0,False,
,ENDURANCE.NS,ok,CatBoost,6 Months,0.963,1.0,0.9135,0.9548,0,0,129.3,False,
,ENGINERSIN.NS,ok,StackEnsemble,3 Months,0.8618,0.7917,0.7755,0.7835,0,0,88.6,False,
,ENRIN.NS,no_data,,,0.0,0.0,0.0,0.0,0,0,0.2,False,
,ERIS.NS,ok,XGB_HiReg,6 Months,0.8107,0.7229,0.7229,0.7229,0,0,149.4,False,
,ESCORTS.NS,ok,XGBoost,2 Months,0.7864,0.7812,0.2874,0.4202,0,0,147.4,False,
,ETERNAL.NS,ok,RandForest,6 Months,0.7737,0.7015,0.8624,0.7737,0,0,122.9,False,
,EXIDEIND.NS,ok,XGBoost,2 Months,0.743,0.8889,0.0889,0.1616,0,0,117.6,False,
,FACT.NS,ok,StackEnsemble,3 Months,0.8224,0.7727,0.4359,0.5574,0,0,140.0,False,
,FEDERALBNK.NS,ok,StackEnsemble,6 Months,1.0,1.0,1.0,1.0,0,0,133.5,False,
,FINCABLES.NS,ok,XGBoost,1 Week,0.6899,1.0,0.0513,0.0976,0,0,138.7,False,
,FINPIPE.NS,below_threshold,Ensemble,6 Months,0.8601,0.5625,0.0,0.0,0,0,134.0,False,
,FIRSTCRY.NS,no_data,,,0.0,0.0,0.0,0.0,0,0,0.2,False,
,FIVESTAR.NS,ok,RandForest,3 Months,0.7855,0.8182,0.125,0.2169,0,0,137.0,False,
,FLUOROCHEM.NS,ok,StackEnsemble,1 Month,0.7384,0.8333,0.1887,0.3077,0,0,139.2,False,
,FORCEMOT.NS,ok,XGBoost,6 Months,0.8395,0.8395,1.0,0.9128,0,0,134.9,False,
,FORTIS.NS,ok,XGBoost,3 Months,0.703,0.8511,0.5128,0.64,0,0,118.1,False,
,FSL.NS,ok,Ensemble,1 Week,0.6872,0.7143,0.0847,0.1515,0,0,114.4,False,
,GAIL.NS,ok,StackEnsemble,3 Months,0.9539,1.0,0.3636,0.5333,0,0,139.0,False,
,GESHIP.NS,ok,StackEnsemble,6 Months,0.9426,0.9426,1.0,0.9705,0,0,140.2,False,
,GICRE.NS,ok,RandForest,2 Months,0.8359,0.8333,0.0877,0.1587,0,0,169.9,False,
,GILLETTE.NS,ok,XGBoost,3 Months,0.8185,0.8421,0.2353,0.3678,0,0,168.4,False,
,GLAND.NS,ok,LightGBM,6 Months,0.7737,0.9853,0.5537,0.709,0,0,134.4,False,
,GLAXO.NS,ok,LGB_HiReg,2 Months,0.7647,0.7105,0.2935,0.4154,0,0,129.5,False,
,GLENMARK.NS,ok,LGB_HiReg,6 Months,0.7819,0.9457,0.7262,0.8215,0,0,140.1,False,
,GMDCLTD.NS,ok,TabNet,6 Months,0.8724,0.8861,0.9813,0.9313,0,0,139.1,False,
,GMRAIRPORT.NS,ok,XGBoost,3 Months,0.7129,0.7703,0.4488,0.5672,0,0,145.1,False,
,GODFRYPHLP.NS,ok,StackEnsemble,1 Month,0.8663,1.0,0.3235,0.4889,0,0,143.7,True,
,GODIGIT.NS,ok,RandForest,6 Months,0.7942,0.8936,0.4828,0.6269,0,0,22.7,False,
,GODREJAGRO.NS,ok,GradBoost,2 Months,0.7864,0.6667,0.0563,0.1039,0,0,137.5,False,
,GODREJCP.NS,ok,XGBoost,3 Months,0.868,0.7097,0.6667,0.6875,0,0,134.2,False,
,GODREJIND.NS,ok,StackEnsemble,3 Months,0.8816,0.8333,0.3846,0.5263,0,0,138.5,False,
,GODREJPROP.NS,ok,Ensemble,1 Month,0.7114,0.8182,0.0849,0.1538,0,0,137.5,False,
,GPIL.NS,ok,LGB_HiReg,3 Months,0.6601,1.0,0.3312,0.4976,0,0,145.0,True,
,GRANULES.NS,ok,RandForest,6 Months,0.7037,0.7698,0.7279,0.7483,0,0,139.6,False,
,GRAPHITE.NS,ok,StackEnsemble,6 Months,0.8033,0.8033,1.0,0.8909,0,0,102.4,False,
,GRASIM.NS,ok,RandForest,3 Months,0.7393,0.7273,0.2553,0.378,0,0,103.7,False,
,GRAVITA.NS,below_threshold,XGB_HiReg,2 Weeks,0.6856,0.5455,0.0,0.0,0,0,144.4,False,
,GRSE.NS,ok,StackEnsemble,6 Months,0.9098,0.8,0.4706,0.5926,0,0,138.3,False,
,GUJGASLTD.NS,ok,StackEnsemble,2 Weeks,0.7571,1.0,0.0652,0.1224,0,0,123.6,False,
,GVT&D.NS,ok,XGBoost,6 Months,0.9671,0.9671,1.0,0.9833,0,0,91.7,False,
,HAL.NS,ok,XGB_HiReg,6 Months,0.8889,1.0,0.6538,0.7907,0,0,141.4,True,
,HAPPSTMNDS.NS,ok,RandForest,3 Months,0.9571,1.0,0.1875,0.3158,0,0,138.4,False,
,HAVELLS.NS,ok,RandForest,1 Month,0.8309,0.6,0.0508,0.0938,0,0,137.7,False,
,HBLENGINE.NS,ok,Ensemble,6 Months,0.8519,0.8511,0.8889,0.8696,0,0,138.8,False,
,HCLTECH.NS,ok,RandForest,3 Months,0.7591,0.6154,0.1053,0.1798,0,0,141.5,False,
,HDFCAMC.NS,ok,XGB_HiReg,6 Months,0.7942,1.0,0.5238,0.6875,0,0,148.7,True,
,HDFCBANK.NS,ok,GradBoost,3 Months,0.8119,1.0,0.1094,0.1972,0,0,127.0,True,
,HDFCLIFE.NS,ok,LightGBM,6 Months,0.9753,0.9189,1.0,0.9577,0,0,140.7,False,
,HEG.NS,ok,LightGBM,6 Months,0.7572,1.0,0.4636,0.6335,0,0,152.2,True,
,HEROMOTOCO.NS,ok,XGBoost,6 Months,0.7366,0.9589,0.5344,0.6863,0,0,140.2,False,
,HEXT.NS,no_data,,,0.0,0.0,0.0,0.0,0,0,0.2,False,
,HFCL.NS,ok,Ensemble,1 Week,0.6425,1.0,0.0519,0.0986,0,0,143.3,False,
,HINDALCO.NS,ok,StackEnsemble,6 Months,1.0,1.0,1.0,1.0,0,0,142.8,False,
,HINDCOPPER.NS,ok,StackEnsemble,6 Months,1.0,1.0,1.0,1.0,0,0,145.0,False,
,HINDPETRO.NS,ok,RandForest,3 Months,0.7822,0.9831,0.4715,0.6374,0,0,147.3,True,
,HINDUNILVR.NS,ok,CatBoost,6 Months,0.9342,1.0,0.5556,0.7143,0,0,133.3,False,
,HINDZINC.NS,ok,LGB_HiReg,1 Month,0.6472,0.9524,0.1429,0.2484,0,0,133.3,False,
,HOMEFIRST.NS,ok,XGB_HiReg,1 Month,0.7143,0.7,0.2966,0.4167,0,0,93.6,False,
,HONASA.NS,ok,CatBoost,6 Months,0.8107,0.9677,0.6767,0.7965,0,0,131.1,False,
,HONAUT.NS,ok,StackEnsemble,1 Month,0.8605,0.8947,0.4359,0.5862,0,0,140.0,False,
,HSCL.NS,ok,RandForest,1 Month,0.6706,1.0,0.0504,0.096,0,0,139.1,False,
,HUDCO.NS,below_threshold,StackEnsemble,1 Week,0.6816,0.5714,0.0,0.0,0,0,141.8,False,
,HYUNDAI.NS,no_data,,,0.0,0.0,0.0,0.0,0,0,0.2,False,
,ICICIBANK.NS,ok,LightGBM,6 Months,0.8807,0.7308,0.717,0.7238,0,0,140.7,False,
,ICICIGI.NS,ok,GradBoost,2 Months,0.7988,0.72,0.2368,0.3564,0,0,137.4,False,
,ICICIPRULI.NS,ok,RandForest,1 Week,0.7291,0.7143,0.05,0.0935,0,0,143.7,False,
,IDBI.NS,ok,XGB_HiReg,3 Months,0.6172,1.0,0.0794,0.1471,0,0,153.3,False,
,IDEA.NS,ok,XGB_HiReg,3 Months,0.8152,0.8211,0.7481,0.7829,0,0,146.4,False,
,IDFCFIRSTB.NS,ok,StackEnsemble,1 Month,0.6279,0.8571,0.087,0.1579,0,0,156.8,False,
,IEX.NS,ok,StackEnsemble,1 Week,0.7486,1.0,0.0816,0.1509,0,0,148.5,False,
,IFCI.NS,ok,XGB_HiReg,2 Weeks,0.6487,0.875,0.0538,0.1014,0,0,146.4,False,
,IGIL.NS,no_data,,,0.0,0.0,0.0,0.0,0,0,0.2,False,
,IGL.NS,ok,Ensemble,6 Months,0.8848,0.8,0.2353,0.3636,0,0,152.7,True,
,IIFL.NS,ok,XGB_HiReg,6 Months,0.7984,0.9748,0.716,0.8256,0,0,149.6,False,
,IKS.NS,no_data,,,0.0,0.0,0.0,0.0,0,0,0.2,False,
,INDGN.NS,ok,XGBoost,2 Weeks,0.7564,1.0,0.0652,0.1224,0,0,22.3,False,
,INDHOTEL.NS,ok,Ensemble,1 Month,0.8163,0.8,0.0606,0.1127,0,0,148.0,False,
,INDIACEM.NS,ok,RandForest,6 Months,0.8971,0.9701,0.8609,0.9123,0,0,148.8,False,
,INDIAMART.NS,ok,XGBoost,6 Months,0.963,0.8961,0.9857,0.9388,0,0,152.4,True,
,INDIANB.NS,ok,XGB_HiReg,6 Months,0.823,0.8609,0.9474,0.9021,0,0,150.4,False,
,INDIGO.NS,ok,RandForest,2 Months,0.7059,0.6875,0.1089,0.188,0,0,95.2,False,
,INDUSINDBK.NS,below_threshold,GradBoost,2 Months,0.5851,1.0,0.0,0.0,0,0,142.0,False,
,INDUSTOWER.NS,ok,RandForest,1 Month,0.6093,1.0,0.0629,0.1184,0,0,141.2,False,
,INFY.NS,ok,Ensemble,1 Month,0.8047,1.0,0.0563,0.1067,0,0,140.1,False,
,INOXINDIA.NS,ok,RandForest,3 Months,0.7888,0.8333,0.625,0.7143,0,0,108.7,False,
,INOXWIND.NS,ok,RandForest,3 Months,0.901,0.75,0.1765,0.2857,0,0,137.8,True,
,INTELLECT.NS,ok,GradBoost,6 Months,0.7325,0.9583,0.2644,0.4144,0,0,127.8,False,
,IOB.NS,ok,Ensemble,1 Week,0.7458,0.6667,0.0638,0.1165,0,0,134.9,False,
,IOC.NS,ok,GradBoost,2 Weeks,0.6742,0.75,0.0504,0.0945,0,0,133.9,False,
,IPCALAB.NS,ok,Ensemble,3 Months,0.769,0.75,0.0811,0.1463,0,0,132.8,False,
,IRB.NS,ok,RandForest,1 Month,0.8134,0.7857,0.1528,0.2558,0,0,129.8,True,
,IRCON.NS,ok,Ensemble,1 Month,0.7259,0.625,0.0521,0.0962,0,0,130.2,False,
,IRCTC.NS,below_threshold,RandForest,2 Weeks,0.813,0.5556,0.0,0.0,0,0,130.6,False,
,IREDA.NS,ok,RandForest,2 Weeks,0.762,0.7778,0.0787,0.1429,0,0,122.3,False,
,IRFC.NS,below_threshold,CatBoost,2 Weeks,0.7592,0.5833,0.0,0.0,0,0,132.6,False,
,ITC.NS,ok,XGBoost,1 Week,0.824,1.0,0.0597,0.1127,0,0,83.7,False,
,ITCHOTELS.NS,no_data,,,0.0,0.0,0.0,0.0,0,0,0.2,False,
,ITI.NS,ok,StackEnsemble,2 Months,0.8333,0.75,0.3429,0.4706,0,0,137.9,False,
,J&KBANK.NS,ok,LGB_HiReg,2 Weeks,0.6657,0.9091,0.0787,0.1449,0,0,134.8,False,
,JBCHEPHARM.NS,ok,XGB_HiReg,2 Weeks,0.711,0.7059,0.1101,0.1905,0,0,139.5,True,
,JBMA.NS,ok,XGB_HiReg,3 Months,0.7657,1.0,0.0779,0.1446,0,0,88.9,True,
,JINDALSAW.NS,ok,XGB_HiReg,3 Months,0.8647,0.7358,0.8571,0.7919,0,0,135.3,True,
,JINDALSTEL.NS,ok,StackEnsemble,6 Months,0.7705,0.7705,1.0,0.8704,0,0,139.0,False,
,JIOFIN.NS,ok,GradBoost,6 Months,0.9671,0.9271,0.9889,0.957,0,0,116.4,False,
,JKCEMENT.NS,ok,StackEnsemble,1 Month,0.8314,1.0,0.1212,0.2162,0,0,136.8,False,
,JKTYRE.NS,ok,XGB_HiReg,3 Months,0.7096,0.7192,0.6908,0.7047,0,0,130.1,False,
,JMFINANCIL.NS,ok,LightGBM,6 Months,0.8477,0.7407,0.9804,0.8439,0,0,90.9,False,
,JPPOWER.NS,ok,StackEnsemble,2 Months,0.7346,0.7826,0.3214,0.4557,0,0,133.4,False,
,JSL.NS,ok,StackEnsemble,2 Months,0.8951,1.0,0.1905,0.32,0,0,130.6,False,
,JSWCEMENT.NS,no_data,,,0.0,0.0,0.0,0.0,0,0,0.2,False,
,JSWENERGY.NS,ok,Ensemble,3 Months,0.7888,0.8,0.1143,0.2,0,0,136.7,False,
,JSWINFRA.NS,ok,RandForest,6 Months,0.9177,0.7333,0.8049,0.7674,0,0,105.9,False,
,JSWSTEEL.NS,ok,StackEnsemble,2 Months,0.8148,0.7361,0.8281,0.7794,0,0,128.1,False,
,JUBLFOOD.NS,ok,Ensemble,2 Weeks,0.8017,1.0,0.0541,0.1026,0,0,139.6,False,
,JUBLINGREA.NS,ok,XGBoost,6 Months,0.9342,0.7895,0.5556,0.6522,0,0,127.6,False,
,JUBLPHARMA.NS,ok,StackEnsemble,2 Months,0.7716,1.0,0.1778,0.3019,0,0,135.0,False,
,JWL.NS,ok,RandForest,1 Week,0.743,0.7368,0.1386,0.2333,0,0,129.6,False,
,JYOTHYLAB.NS,below_threshold,TabNet,2 Weeks,0.7989,0.3846,0.0,0.0,0,0,133.8,False,
,JYOTICNC.NS,ok,LGB_HiReg,1 Week,0.648,0.8889,0.0602,0.1127,0,0,108.5,False,
,KAJARIACER.NS,ok,LGB_HiReg,6 Months,0.8971,0.9024,0.8132,0.8555,0,0,135.0,False,
,KALYANKJIL.NS,ok,Ensemble,2 Weeks,0.6771,1.0,0.05,0.0952,0,0,118.8,False,
,KARURVYSYA.NS,ok,StackEnsemble,6 Months,0.9836,0.9836,1.0,0.9917,0,0,129.4,True,
,KAYNES.NS,ok,RandForest,3 Months,0.7393,0.7083,0.5714,0.6326,0,0,128.7,False,
,KEC.NS,ok,Ensemble,3 Months,0.8416,0.75,0.1667,0.2727,0,0,131.2,False,
,KEI.NS,ok,StackEnsemble,6 Months,0.7295,0.7295,1.0,0.8436,0,0,127.8,False,
,KFINTECH.NS,ok,StackEnsemble,1 Week,0.7486,0.6,0.0652,0.1176,0,0,142.7,False,
,KIMS.NS,ok,StackEnsemble,6 Months,0.9344,0.75,1.0,0.8571,0,0,135.9,True,
,KIRLOSBROS.NS,ok,Ensemble,3 Months,0.7228,0.8333,0.0568,0.1064,0,0,128.1,False,
,KIRLOSENG.NS,ok,StackEnsemble,6 Months,1.0,1.0,1.0,1.0,0,0,139.4,False,
,KOTAKBANK.NS,ok,XGB_HiReg,3 Months,0.7756,1.0,0.0556,0.1053,0,0,131.9,True,
,KPIL.NS,ok,StackEnsemble,1 Month,0.8198,0.7368,0.35,0.4746,0,0,131.8,False,
,KPITTECH.NS,ok,Ensemble,2 Weeks,0.7224,0.7333,0.1048,0.1833,0,0,127.7,False,
,KPRMILL.NS,ok,Ensemble,6 Months,0.8395,0.7324,0.7222,0.7273,0,0,136.7,False,
,KSB.NS,ok,GradBoost,1 Month,0.6297,0.6667,0.0611,0.1119,0,0,125.9,False,
,LALPATHLAB.NS,ok,StackEnsemble,1 Month,0.907,0.7209,0.8857,0.7949,0,0,139.7,True,
,LATENTVIEW.NS,ok,XGBoost,2 Months,0.7028,0.8571,0.0594,0.1111,0,0,135.7,False,
,LAURUSLABS.NS,ok,LGB_HiReg,6 Months,0.9218,0.9782,0.9412,0.9593,0,0,175.5,False,
,LEMONTREE.NS,ok,CatBoost,6 Months,0.6461,0.76,0.1919,0.3065,0,0,120.1,False,
,LICHSGFIN.NS,ok,StackEnsemble,2 Weeks,0.774,0.6,0.0732,0.1304,0,0,118.0,False,
,LICI.NS,ok,Ensemble,3 Months,0.7987,0.8,0.0625,0.1159,0,0,117.5,True,
,LINDEINDIA.NS,ok,RandForest,3 Months,0.703,1.0,0.2241,0.3662,0,0,116.9,False,
,LLOYDSME.NS,ok,StackEnsemble,2 Months,0.7346,0.7083,0.5397,0.6126,0,0,103.4,False,
,LODHA.NS,ok,RandForest,2 Months,0.7771,0.7,0.175,0.28,0,0,126.5,True,
,LT.NS,ok,StackEnsemble,2 Weeks,0.6893,1.0,0.0678,0.127,0,0,132.7,False,
,LTF.NS,ok,TabNet,6 Months,0.7037,0.7366,0.927,0.8209,0,0,119.4,False,
,LTFOODS.NS,ok,Ensemble,2 Weeks,0.6941,0.8,0.0702,0.129,0,0,126.5,False,
,LTIM.NS,ok,XGB_HiReg,6 Months,0.8189,0.7642,0.8624,0.8103,0,0,120.4,False,
,LTTS.NS,ok,Ensemble,3 Months,0.9439,0.8,0.2,0.32,0,0,143.6,False,
,LUPIN.NS,ok,Ensemble,3 Months,0.7327,0.6875,0.1264,0.2136,0,0,112.3,False,
,M&M.NS,ok,XGB_HiReg,6 Months,0.7695,0.707,0.9174,0.7986,0,0,118.3,False,
,M&MFIN.NS,ok,XGBoost,2 Weeks,0.6487,1.0,0.0606,0.1143,0,0,127.4,False,
,MAHABANK.NS,ok,StackEnsemble,6 Months,0.9016,0.9016,1.0,0.9483,0,0,128.1,False,
,MAHSCOOTER.NS,ok,XGBoost,6 Months,0.8755,0.7561,1.0,0.8611,0,0,124.8,False,
,MAHSEAMLES.NS,ok,LGB_HiReg,3 Months,0.736,0.7778,0.0824,0.1489,0,0,126.8,False,
,MANAPPURAM.NS,ok,StackEnsemble,1 Month,0.686,1.0,0.129,0.2286,0,0,128.9,False,
,MANKIND.NS,ok,RandForest,3 Months,0.8515,0.7273,0.4,0.5161,0,0,107.7,False,
,MANYAVAR.NS,ok,Ensemble,2 Months,0.8731,0.8333,0.1111,0.1961,0,0,114.8,False,
,MAPMYINDIA.NS,ok,Ensemble,2 Weeks,0.762,0.8333,0.0568,0.1064,0,0,111.7,False,
,MARICO.NS,ok,StackEnsemble,6 Months,0.7869,1.0,0.1333,0.2353,0,0,118.6,False,
,MARUTI.NS,ok,StackEnsemble,6 Months,0.877,0.75,0.8571,0.8,0,0,118.8,False,
,MAXHEALTH.NS,ok,XGB_HiReg,2 Weeks,0.7139,0.8571,0.0566,0.1062,0,0,123.4,False,
,MAZDOCK.NS,ok,Ensemble,1 Month,0.7201,1.0,0.068,0.1273,0,0,129.0,True,
,MCX.NS,ok,XGBoost,6 Months,1.0,1.0,1.0,1.0,0,0,126.6,True,
,MEDANTA.NS,ok,StackEnsemble,1 Month,0.7384,1.0,0.0625,0.1176,0,0,116.3,False,
,METROPOLIS.NS,ok,XGBoost,2 Months,0.7183,1.0,0.1415,0.2479,0,0,126.5,False,
,MFSL.NS,ok,XGB_HiReg,6 Months,0.7119,0.8065,0.5906,0.6818,0,0,123.6,False,
,MGL.NS,ok,StackEnsemble,2 Months,0.8395,0.8,0.1379,0.2353,0,0,123.6,False,
,MINDACORP.NS,ok,Ensemble,3 Months,0.7591,0.7419,0.2614,0.3866,0,0,123.0,False,
,MMTC.NS,ok,XGBoost,2 Weeks,0.7167,0.875,0.066,0.1228,0,0,124.3,False,
,MOTHERSON.NS,ok,StackEnsemble,6 Months,0.8279,0.8279,1.0,0.9058,0,0,126.5,True,
,MOTILALOFS.NS,ok,RandForest,6 Months,0.8642,1.0,0.6733,0.8047,0,0,135.0,True,
,MPHASIS.NS,ok,RandForest,6 Months,0.8724,0.72,0.6792,0.699,0,0,125.7,False,
,MRF.NS,ok,Ensemble,6 Months,0.8313,1.0,0.6239,0.7684,0,0,126.3,False,
,MRPL.NS,ok,StackEnsemble,2 Months,0.7346,0.7027,0.7123,0.7075,0,0,122.0,False,
,MSUMI.NS,ok,RandForest,6 Months,0.7737,0.7907,0.7846,0.7876,0,0,137.3,True,
,MUTHOOTFIN.NS,ok,StackEnsemble,1 Month,0.7151,0.9,0.2769,0.4235,0,0,125.5,False,
,NAM-INDIA.NS,ok,TabNet,6 Months,0.7025,0.75,0.8864,0.8125,0,0,141.4,False,
,NATCOPHARM.NS,ok,LGB_HiReg,2 Weeks,0.6912,0.8,0.0696,0.128,0,0,124.2,False,
,NATIONALUM.NS,ok,StackEnsemble,6 Months,1.0,1.0,1.0,1.0,0,0,129.5,False,
,NAUKRI.NS,ok,Ensemble,1 Month,0.8397,0.75,0.1017,0.1791,0,0,128.7,True,
,NAVA.NS,below_threshold,RandForest,6 Months,0.5967,0.9,0.0,0.0,0,0,124.4,False,
,NAVINFLUOR.NS,ok,StackEnsemble,6 Months,1.0,1.0,1.0,1.0,0,0,120.0,False,
,NBCC.NS,ok,XGB_HiReg,6 Months,0.963,0.9753,0.9186,0.9461,0,0,128.6,True,
,NCC.NS,ok,StackEnsemble,2 Months,0.8889,0.8,0.4444,0.5714,0,0,94.7,False,
,NESTLEIND.NS,ok,CatBoost,6 Months,0.6872,1.0,0.05,0.0952,0,0,128.6,True,
,NETWEB.NS,ok,Ensemble,6 Months,0.7078,0.9508,0.6409,0.7657,0,0,132.6,False,
,NEULANDLAB.NS,ok,StackEnsemble,6 Months,0.9508,0.8,0.6667,0.7273,0,0,126.3,False,
,NEWGEN.NS,ok,RandForest,1 Month,0.7697,0.75,0.0723,0.1319,0,0,119.2,True,
,NH.NS,ok,XGB_HiReg,1 Month,0.6064,0.7778,0.05,0.094,0,0,122.7,False,
,NHPC.NS,ok,StackEnsemble,1 Week,0.7542,0.7143,0.1064,0.1852,0,0,131.9,False,
,NIACL.NS,ok,Ensemble,1 Week,0.7402,0.6818,0.1485,0.2439,0,0,128.6,False,
,NIVABUPA.NS,no_data,,,0.0,0.0,0.0,0.0,0,0,0.2,False,
,NLCINDIA.NS,below_threshold,RandForest,2 Months,0.5975,0.9091,0.0,0.0,0,0,120.0,False,
,NMDC.NS,ok,StackEnsemble,6 Months,0.7623,0.7623,1.0,0.8651,0,0,126.7,True,
,NSLNISP.NS,ok,XGBoost,1 Month,0.6676,0.7619,0.128,0.2192,0,0,122.6,False,
,NTPC.NS,ok,TabNet,6 Months,0.7284,0.7,0.1892,0.2979,0,0,114.3,False,
,NTPCGREEN.NS,no_data,,,0.0,0.0,0.0,0.0,0,0,0.2,False,
,NUVAMA.NS,ok,LightGBM,6 Months,0.8189,0.9767,0.4941,0.6562,0,0,101.2,True,
,NUVOCO.NS,ok,StackEnsemble,1 Month,0.8663,0.7143,0.3448,0.4651,0,0,131.2,False,
,NYKAA.NS,ok,RandForest,6 Months,0.6584,0.9417,0.5575,0.7004,0,0,122.5,False,
,OBEROIRLTY.NS,ok,StackEnsemble,2 Months,0.7222,0.8125,0.2364,0.3662,0,0,125.0,False,
,OFSS.NS,ok,Ensemble,3 Months,0.8581,0.7042,0.6944,0.6993,0,0,139.8,False,
,OIL.NS,ok,LightGBM,1 Week,0.7067,0.8571,0.0545,0.1026,0,0,135.7,True,
,OLAELEC.NS,no_data,,,0.0,0.0,0.0,0.0,0,0,0.2,False,
,OLECTRA.NS,ok,RandForest,1 Week,0.6816,1.0,0.0656,0.1231,0,0,2651.6,False,
,ONESOURCE.NS,no_data,,,0.0,0.0,0.0,0.0,0,0,0.2,False,
,ONGC.NS,ok,RandForest,6 Months,0.8148,0.7294,0.7381,0.7337,0,0,2604.0,False,
,PAGEIND.NS,ok,XGBoost,1 Month,0.793,0.8696,0.2273,0.3604,0,0,1988.2,False,
,PATANJALI.NS,ok,Ensemble,2 Months,0.8514,0.625,0.1,0.1724,0,0,3215.5,True,
,PAYTM.NS,ok,StackEnsemble,6 Months,0.8279,1.0,0.125,0.2222,0,0,2594.5,False,
,PCBL.NS,ok,CatBoost,1 Week,0.6788,0.6429,0.0756,0.1353,0,0,2590.5,False,
,PERSISTENT.NS,ok,StackEnsemble,3 Months,0.8092,1.0,0.5397,0.701,0,0,3203.2,True,
,PETRONET.NS,below_threshold,RandForest,2 Months,0.8142,0.5556,0.0,0.0,0,0,1725.6,False,
,PFC.NS,ok,RandForest,6 Months,0.8272,0.7059,0.2449,0.3636,0,0,123.4,True,
,PFIZER.NS,ok,CatBoost,3 Months,0.7987,0.8333,0.0769,0.1408,0,0,101.0,False,
,PGEL.NS,below_threshold,TabNet,1 Week,0.676,0.5833,0.0,0.0,0,0,118.4,False,
,PGHH.NS,ok,CatBoost,2 Months,0.935,0.6667,0.0909,0.16,0,0,113.2,False,
,PHOENIXLTD.NS,ok,GradBoost,6 Months,0.8272,1.0,0.3538,0.5227,0,0,127.9,True,
,PIDILITIND.NS,ok,RandForest,1 Month,0.7638,0.8571,0.0698,0.129,0,0,124.7,True,
,PIIND.NS,ok,XGB_HiReg,6 Months,0.9218,0.7286,1.0,0.843,0,0,120.7,False,
,PNB.NS,below_threshold,StackEnsemble,2 Weeks,0.661,0.5714,0.0,0.0,0,0,118.2,False,
,PNBHOUSING.NS,ok,CatBoost,3 Months,0.7327,0.7035,0.8642,0.7756,0,0,120.8,False,
,POLICYBZR.NS,ok,RandForest,1 Month,0.6676,1.0,0.0579,0.1094,0,0,121.7,False,
,POLYCAB.NS,ok,LGB_HiReg,6 Months,0.7037,0.8702,0.6746,0.76,0,0,115.4,False,
,POLYMED.NS,ok,StackEnsemble,2 Months,0.8148,0.7143,0.1515,0.25,0,0,119.7,False,
,POONAWALLA.NS,ok,GradBoost,1 Month,0.6152,0.8889,0.0576,0.1081,0,0,118.4,False,
,POWERGRID.NS,ok,XGB_HiReg,1 Month,0.7843,0.8889,0.0988,0.1778,0,0,129.0,True,
,POWERINDIA.NS,ok,StackEnsemble,2 Months,0.8025,0.8444,0.912,0.8769,0,0,120.4,False,
,PPLPHARMA.NS,ok,RandForest,2 Months,0.8483,0.75,0.0588,0.1091,0,0,118.6,False,
,PRAJIND.NS,ok,Ensemble,2 Weeks,0.7875,0.7273,0.1,0.1758,0,0,128.3,False,
,PREMIERENE.NS,no_data,,,0.0,0.0,0.0,0.0,0,0,0.3,False,
,PRESTIGE.NS,ok,LGB_HiReg,6 Months,0.9053,0.8034,1.0,0.891,0,0,88.5,False,
,PTCIL.NS,ok,RandForest,3 Months,0.7063,0.8158,0.2743,0.4106,0,0,113.7,False,
,PVRINOX.NS,ok,XGBoost,3 Months,0.8416,0.7308,0.6786,0.7037,0,0,121.6,False,
,RADICO.NS,ok,StackEnsemble,1 Month,0.6744,0.8,0.0678,0.125,0,0,129.3,False,
,RAILTEL.NS,ok,StackEnsemble,2 Months,0.7901,0.8,0.2,0.32,0,0,125.2,False,
,RAINBOW.NS,ok,TabNet,1 Month,0.7026,0.6071,0.1574,0.25,0,0,124.2,False,
,RAMCOCEM.NS,ok,XGB_HiReg,2 Months,0.6471,0.875,0.0583,0.1094,0,0,125.2,False,
,RBLBANK.NS,ok,XGBoost,6 Months,0.8272,0.8272,1.0,0.9054,0,0,126.9,False,
,RCF.NS,ok,LGB_HiReg,1 Month,0.7464,0.7143,0.1075,0.1869,0,0,122.8,False,
,RECLTD.NS,ok,RandForest,1 Week,0.7263,0.6667,0.0594,0.1091,0,0,116.2,False,
,REDINGTON.NS,ok,StackEnsemble,2 Months,0.8148,1.0,0.0909,0.1667,0,0,120.6,False,
,RELIANCE.NS,ok,LightGBM,6 Months,0.9506,0.8676,0.9516,0.9077,0,0,132.9,True,
,RHIM.NS,ok,StackEnsemble,2 Months,0.9136,0.8,0.2353,0.3636,0,0,127.2,False,
,RITES.NS,ok,TabNet,3 Months,0.802,0.75,0.0938,0.1667,0,0,144.2,True,
,RKFORGE.NS,ok,RandForest,3 Months,0.9109,1.0,0.1,0.1818,0,0,127.4,False,
,RPOWER.NS,ok,StackEnsemble,3 Months,0.9474,0.8462,0.6471,0.7333,0,0,131.2,False,
,RRKABEL.NS,ok,LGB_HiReg,1 Month,0.6735,0.9545,0.2763,0.4286,0,0,129.8,False,
,RVNL.NS,below_threshold,XGBoost,2 Weeks,0.745,0.5,0.0,0.0,0,0,126.5,False,
,SAGILITY.NS,no_data,,,0.0,0.0,0.0,0.0,0,0,0.2,False,
,SAIL.NS,ok,StackEnsemble,6 Months,0.8525,0.8525,1.0,0.9204,0,0,122.9,False,
,SAILIFE.NS,no_data,,,0.0,0.0,0.0,0.0,0,0,0.3,False,
,SAMMAANCAP.NS,ok,StackEnsemble,2 Months,0.6667,1.0,0.0526,0.1,0,0,126.6,False,
,SAPPHIRE.NS,ok,XGBoost,2 Weeks,0.7224,0.8,0.0769,0.1404,0,0,131.6,True,
,SARDAEN.NS,ok,StackEnsemble,1 Month,0.7035,1.0,0.0727,0.1356,0,0,134.3,True,
,SAREGAMA.NS,ok,RandForest,3 Months,0.8383,0.8,0.1455,0.2462,0,0,126.8,False,
,SBFC.NS,ok,StackEnsemble,3 Months,0.9605,0.8,0.4444,0.5714,0,0,129.0,False,
,SBICARD.NS,ok,LightGBM,6 Months,0.9465,0.9091,0.4545,0.6061,0,0,121.6,False,
,SBILIFE.NS,ok,LightGBM,3 Months,0.8449,0.8687,0.7167,0.7854,0,0,125.7,False,
,SBIN.NS,ok,StackEnsemble,6 Months,0.7541,0.7541,1.0,0.8598,0,0,121.3,False,
,SCHAEFFLER.NS,ok,XGB_HiReg,6 Months,0.9136,0.8571,0.9231,0.8889,0,0,125.8,False,
,SCHNEIDER.NS,ok,RandForest,2 Months,0.6347,1.0,0.2532,0.404,0,0,120.0,False,
,SCI.NS,ok,StackEnsemble,6 Months,0.7131,0.7544,0.6719,0.7107,0,0,123.3,False,
,SHREECEM.NS,ok,XGBoost,1 Week,0.7486,0.7143,0.0538,0.1,0,0,125.3,False,
,SHRIRAMFIN.NS,ok,StackEnsemble,6 Months,0.9344,0.9344,1.0,0.9661,0,0,124.2,True,
,SHYAMMETL.NS,ok,TabNet,1 Week,0.6844,0.7619,0.129,0.2207,0,0,128.9,False,
,SIEMENS.NS,ok,StackEnsemble,2 Months,0.8025,0.7,0.875,0.7778,0,0,121.6,False,
,SIGNATURE.NS,ok,CatBoost,2 Months,0.7926,0.7273,0.2927,0.4174,0,0,120.2,False,
,SJVN.NS,ok,CatBoost,2 Weeks,0.7734,0.7143,0.0602,0.1111,0,0,116.9,False,
,SOBHA.NS,below_threshold,StackEnsemble,2 Months,0.784,0.56,0.0,0.0,0,0,153.9,False,
,SOLARINDS.NS,ok,CatBoost,1 Week,0.6006,0.9167,0.0719,0.1333,0,0,136.8,False,
,SONACOMS.NS,below_threshold,TabNet,2 Weeks,0.7195,0.5862,0.0,0.0,0,0,145.2,False,
,SONATSOFTW.NS,ok,RandForest,3 Months,0.9307,0.7568,0.7,0.7273,0,0,142.0,True,
,SRF.NS,ok,StackEnsemble,2 Months,0.8519,0.7297,0.6585,0.6923,0,0,146.2,False,
,STARHEALTH.NS,ok,GradBoost,6 Months,0.7531,0.8108,0.3614,0.5,0,0,146.5,False,
,SUMICHEM.NS,ok,Ensemble,6 Months,0.8313,0.75,0.1915,0.3051,0,0,115.8,False,
,SUNDARMFIN.NS,ok,Ensemble,2 Months,0.6718,0.875,0.0625,0.1167,0,0,138.7,False,
,SUNDRMFAST.NS,ok,XGB_HiReg,2 Months,0.8731,0.75,0.4576,0.5684,0,0,143.6,False,
,SUNPHARMA.NS,ok,RandForest,6 Months,0.9506,0.75,0.2143,0.3333,0,0,158.0,False,
,SUNTV.NS,below_threshold,Ensemble,1 Week,0.7514,0.5556,0.0,0.0,0,0,133.1,False,
,SUPREMEIND.NS,ok,XGB_HiReg,1 Month,0.723,1.0,0.0594,0.1121,0,0,137.4,False,
,SUZLON.NS,ok,StackEnsemble,2 Months,0.7407,1.0,0.0667,0.125,0,0,132.4,False,
,SWANCORP.NS,ok,Ensemble,1 Month,0.7405,0.7273,0.0851,0.1524,0,0,134.1,False,
,SWIGGY.NS,no_data,,,0.0,0.0,0.0,0.0,0,0,0.2,False,
,SYNGENE.NS,below_threshold,Ensemble,2 Months,0.8514,0.4545,0.0,0.0,0,0,142.9,False,
,SYRMA.NS,ok,XGBoost,6 Months,0.7654,0.7654,1.0,0.8671,0,0,138.7,False,
,TARIL.NS,ok,RandForest,6 Months,0.856,1.0,0.1026,0.186,0,0,98.6,True,
,TATACHEM.NS,ok,RandForest,1 Month,0.7813,0.8,0.0513,0.0964,0,0,148.2,False,
,TATACOMM.NS,ok,XGB_HiReg,6 Months,0.8025,0.7,0.1346,0.2258,0,0,139.8,False,
,TATACONSUM.NS,ok,LGB_HiReg,6 Months,0.8519,0.7,0.5385,0.6087,0,0,144.8,False,
,TATAELXSI.NS,ok,XGB_HiReg,2 Weeks,0.7636,1.0,0.0714,0.1333,0,0,153.2,False,
,TATAINVEST.NS,ok,StackEnsemble,1 Month,0.9012,0.8485,0.7,0.7671,0,0,153.6,True,
,TATAPOWER.NS,ok,Ensemble,1 Week,0.6872,1.0,0.0588,0.1111,0,0,144.1,False,
,TATASTEEL.NS,ok,StackEnsemble,6 Months,0.9262,0.9262,1.0,0.9617,0,0,139.8,False,
,TATATECH.NS,ok,XGBoost,3 Months,0.8746,0.75,0.4038,0.525,0,0,96.7,False,
,TBOTEK.NS,ok,RandForest,2 Weeks,0.6771,1.0,0.0732,0.1364,0,0,22.7,False,
,TCS.NS,ok,XGBoost,2 Months,0.8947,1.0,0.1053,0.1905,0,0,139.7,False,
,TECHM.NS,ok,RandForest,2 Months,0.8142,0.7048,0.7184,0.7115,0,0,146.9,False,
,TECHNOE.NS,ok,XGBoost,3 Months,0.7129,1.0,0.1471,0.2564,0,0,146.7,False,
,TEJASNET.NS,ok,XGB_HiReg,1 Month,0.7843,1.0,0.0513,0.0976,0,0,145.3,False,
,THELEELA.NS,no_data,,,0.0,0.0,0.0,0.0,0,0,0.2,False,
,THERMAX.NS,ok,Ensemble,2 Weeks,0.6827,0.8571,0.0513,0.0968,0,0,136.0,False,
,TIINDIA.NS,ok,XGBoost,2 Months,0.613,1.0,0.0602,0.1135,0,0,208.1,False,
,TIMKEN.NS,ok,XGB_HiReg,2 Months,0.6904,1.0,0.2063,0.3421,0,0,2804.7,False,
,TITAGARH.NS,ok,StackEnsemble,2 Months,0.8086,0.7143,0.4651,0.5634,0,0,114.4,False,
,TITAN.NS,ok,LGB_HiReg,6 Months,0.7243,0.8763,0.6071,0.7173,0,0,116.0,False,
,TMPV.NS,ok,GradBoost,1 Week,0.6592,0.6364,0.056,0.1029,0,0,117.9,False,
,TORNTPHARM.NS,ok,StackEnsemble,6 Months,0.9344,0.9344,1.0,0.9661,0,0,124.9,False,
,TORNTPOWER.NS,ok,RandForest,6 Months,0.8107,0.7067,0.6883,0.6974,0,0,110.2,False,
,TRENT.NS,below_threshold,TabNet,2 Weeks,0.7195,0.5,0.0,0.0,0,0,119.7,False,
,TRIDENT.NS,ok,RandForest,1 Month,0.7464,0.8571,0.0652,0.1212,0,0,117.0,False,
,TRITURBINE.NS,ok,CatBoost,3 Months,0.8548,0.7073,0.7436,0.725,0,0,117.2,False,
,TRIVENI.NS,ok,Ensemble,1 Month,0.6793,0.9,0.0763,0.1406,0,0,117.7,False,
,TTML.NS,ok,RandForest,2 Months,0.8607,0.75,0.3934,0.5161,0,0,119.6,False,
,TVSMOTOR.NS,ok,LightGBM,6 Months,0.7654,0.9658,0.6807,0.7986,0,0,107.2,False,
,UBL.NS,below_threshold,LGB_HiReg,3 Months,0.9538,0.5,0.0,0.0,0,0,108.9,False,
,UCOBANK.NS,ok,XGBoost,2 Weeks,0.7564,0.8333,0.0556,0.1042,0,0,113.1,False,
,ULTRACEMCO.NS,ok,RandForest,3 Months,0.7921,0.75,0.0896,0.16,0,0,117.8,False,
,UNIONBANK.NS,ok,GradBoost,3 Months,0.6469,0.9583,0.4718,0.6323,0,0,117.0,False,
,UNITDSPR.NS,ok,RandForest,1 Week,0.7346,0.7692,0.098,0.1739,0,0,119.3,False,
,UNOMINDA.NS,ok,StackEnsemble,6 Months,0.8689,0.7059,0.5217,0.6,0,0,127.8,False,
,UPL.NS,ok,RandForest,3 Months,0.703,0.8,0.1569,0.2623,0,0,100.7,False,
,USHAMART.NS,ok,RandForest,6 Months,0.7778,0.8639,0.7888,0.8247,0,0,125.7,False,
,UTIAMC.NS,ok,XGB_HiReg,3 Months,0.8284,0.6518,0.8488,0.7374,0,0,119.3,False,
,VBL.NS,ok,RandForest,6 Months,0.9218,0.75,0.2609,0.3871,0,0,133.8,True,
,VEDL.NS,ok,StackEnsemble,6 Months,0.7131,0.7131,1.0,0.8325,0,0,134.8,False,
,VENTIVE.NS,no_data,,,0.0,0.0,0.0,0.0,0,0,0.4,False,
,VGUARD.NS,ok,XGBoost,1 Month,0.7697,0.75,0.0723,0.1319,0,0,1993.8,False,
,VIJAYA.NS,ok,XGBoost,1 Month,0.7172,0.7273,0.0784,0.1416,0,0,122.2,False,
,VMM.NS,no_data,,,0.0,0.0,0.0,0.0,0,0,0.2,False,
,VOLTAS.NS,ok,RandForest,3 Months,0.7591,0.625,0.0667,0.1205,0,0,125.4,False,
,VTL.NS,below_threshold,GradBoost,3 Months,0.5611,0.7727,0.0,0.0,0,0,131.4,False,
,WAAREEENER.NS,no_data,,,0.0,0.0,0.0,0.0,0,0,0.2,False,
,WELCORP.NS,ok,RandForest,2 Months,0.6037,1.0,0.0725,0.1351,0,0,122.4,False,
,WELSPUNLIV.NS,ok,RandForest,3 Months,0.6832,1.0,0.0588,0.1111,0,0,129.0,False,
,WHIRLPOOL.NS,ok,RandForest,6 Months,0.8765,0.7174,0.66,0.6875,0,0,148.0,False,
,WIPRO.NS,ok,RandForest,1 Month,0.7609,0.7143,0.0588,0.1087,0,0,182.3,True,
,WOCKPHARMA.NS,ok,Ensemble,2 Months,0.7368,0.7931,0.2255,0.3511,0,0,129.2,False,
,YESBANK.NS,ok,XGB_HiReg,3 Months,0.6469,1.0,0.1157,0.2074,0,0,123.1,False,
,ZEEL.NS,ok,StackEnsemble,1 Month,0.7384,0.8333,0.102,0.1818,0,0,122.6,False,
,ZENSARTECH.NS,ok,Ensemble,6 Months,0.8642,0.7143,0.2564,0.3774,0,0,173.1,False,
,ZENTEC.NS,ok,XGB_HiReg,3 Months,0.8812,0.7591,0.972,0.8525,0,0,159.1,False,
,ZFCVINDIA.NS,ok,LGB_HiReg,6 Months,0.7037,0.8077,0.525,0.6364,0,0,209.6,True,
,ZYDUSLIFE.NS,ok,Ensemble,3 Months,0.7756,0.7368,0.1818,0.2917,0,0,153.9,False,
,^BSESN,no_data,,,0.0,0.0,0.0,0.0,0,0,0.2,False,
,^CRSLDX,no_data,,,0.0,0.0,0.0,0.0,0,0,0.2,False,
,^INDIAVIX,no_data,,,0.0,0.0,0.0,0.0,0,0,0.2,False,
,^NSEI,no_data,,,0.0,0.0,0.0,0.0,0,0,0.2,False,
